# Item Box,Book,Act,Item name,Speed,Brawn,Magic,Armour,Special ability,Entry no.,Location/enemy
Cloak,Legions of Shadows,Act 1: Tithebury Cross,Patchwork cloak,1,0,0,0,None,68,Vendor/Tithebury Cross
Cloak,Legions of Shadows,Act 1: Tithebury Cross,Bat cape,1,0,0,1,None,114,Vendor/Tithebury Cross
Cloak,Legions of Shadows,Act 1: Tithebury Cross,Spindlesilk cloak,1,0,0,2,Spindlesilk set,132,Vendor/Tithebury Cross
Cloak,Legions of Shadows,Act 1: Tithebury Cross,Chieftain's furs,0,0,0,1,None,260,Goblin chief
Cloak,Legions of Shadows,Act 1: Tithebury Cross,Traveller's cloak,0,0,1,1,Charm,251,Farmhouse bedroom
Cloak,Legions of Shadows,Act 1: Tithebury Cross,Moth-eaten blanket,1,0,0,0,None,40,Ruffians
Cloak,Legions of Shadows,Act 1: Tithebury Cross,Crusader's mantle,1,0,0,0,Charm,160,Valadin Roth
Cloak,Legions of Shadows,Act 1: Tithebury Cross,Hag's shawl,0,0,1,1,Charm,155,Witch
Cloak,Legions of Shadows,Act 1: Tithebury Cross,Savage pelt,0,1,1,0,Savagery,26,Mauler
Cloak,Legions of Shadows,Act 2: Mistwood & Black Marsh,Mottled cloak,1,0,0,1,None,283,Mud golem
Cloak,Legions of Shadows,Act 2: Mistwood & Black Marsh,Diaphanous wings,1,0,1,0,Haste,314,Hive queen
Cloak,Legions of Shadows,Act 2: Mistwood & Black Marsh,Cloak of white winter,1,2,0,0,Piercing,385,Baron Greylock
Cloak,Legions of Shadows,Act 2: Mistwood & Black Marsh,Cloak of shadows,1,0,0,2,Feint,487,Count(special)
Cloak,Legions of Shadows,Act 2: Mistwood & Black Marsh,Golden fleece,1,0,0,2,Radiance,548,Treasure vault
Cloak,Legions of Shadows,Act 2: Mistwood & Black Marsh,Phoenix feathers,1,0,0,1,Charm,565,Phoenix
Cloak,Legions of Shadows,Act 2: Mistwood & Black Marsh,Destroyer's drape,2,0,0,1,Backfire,568,Inferno
Cloak,Legions of Shadows,Act 2: Mistwood & Black Marsh,Majestic shoulders (W),2,0,0,2,Royal regalia set,397,Puzzle chest
Cloak,Legions of Shadows,Act 2: Mistwood & Black Marsh,Sparkcraft mantle (M),2,0,2,0,Lifespark,509,Swamp giant
Cloak,Legions of Shadows,Act 2: (Continued),Kaggadour's cloak,2,2,0,0,Savagery,443,Stone giant
Cloak,Legions of Shadows,Act 2: (Continued),Mantle of spite (M),2,0,3,0,Curse,713,Gargoyle chest
Cloak,Legions of Shadows,Act 2: (Continued),Mane of the Black Lion,1,3,0,0,Fearless,379,Nalsa
Cloak,Legions of Shadows,Act 2: (Continued),Winter pelt,2,0,0,2,Savagery,359,King Louis
Cloak,Legions of Shadows,Act 2: (Continued),Flame mantle,2,0,0,1,Fire aura,377,Vesuvius
Cloak,Legions of Shadows,Act 2: (Continued),Dragonscale cloak,2,0,0,2,Second skin,708,Kindle
Cloak,Legions of Shadows,Act 3: The Bone Fields,Slipstream silk (M),3,0,2,0,Surge,914,Waldo's wares
Cloak,Legions of Shadows,Act 3: The Bone Fields,Valiant spaulders (W),2,2,0,0,Overpower,815,Waldo's wares
Cloak,Legions of Shadows,Act 3: The Bone Fields,Spiked boneguards,2,0,0,2,Piercing,759,Flesh golem
Cloak,Legions of Shadows,Act 3: The Bone Fields,Broken wings,2,2,0,0,Fearless,906,Bone angel
Cloak,Legions of Shadows,Act 3: The Bone Fields,Cloak of ceremonies,2,0,2,0,Radiance,892,Arthurian's vault
Cloak,Legions of Shadows,Act 3: The Bone Fields,Stalwart shoulders,2,0,0,2,Might of stone,565,Yorvic
Cloak,Legions of Shadows,Act 3: The Bone Fields,Gloom shade (R),2,3,0,0,Steal,622,Brothers' Grimm
Cloak,Legions of Shadows,Act 3: The Bone Fields,Pauldrons of might (W),2,3,0,0,Fortitude,727,Brothers' Grimm
Cloak,Legions of Shadows,Act 3: The Bone Fields,Cloak of the wind (M),3,0,0,1,Surge,762,Scout
Cloak,Legions of Shadows,Act 3: The Bone Fields,Nemesis shroud,2,3,0,0,Dark pact,765,Malcontent
Cloak,Legions of Shadows,Act 3: The Bone Fields,Veil of dark synergies (M),2,0,3,0,Second wind,865,Daarko
Cloak,Legions of Shadows,Act 3: The Bone Fields,Spore shoulders (M),2,0,3,0,Spore cloud,845,Decayers
Cloak,Legions of Shadows,Act 3: The Bone Fields,Hulking shoulders (R),2,3,0,0,Barbs,847,The wrecker
Head,Legions of Shadows,Act 1: Tithebury Cross,Simple coif,0,1,0,1,None,175,Vendor/Tithebury Cross
Head,Legions of Shadows,Act 1: Tithebury Cross,All-weather hat,1,0,0,0,None,243,Weather wizard
Head,Legions of Shadows,Act 1: Tithebury Cross,Rusted helm,1,0,0,0,None,166,Skeletons
Head,Legions of Shadows,Act 1: Tithebury Cross,Mauler's maw,1,0,0,1,Fearless,26,Mauler
Head,Legions of Shadows,Act 1: Tithebury Cross,Troll's nose-ring,0,2,0,0,Charm,122,Bridge troll
Head,Legions of Shadows,Act 2: Mistwood & Black Marsh,Ramrod helm,1,0,0,2,Haste,311,No Hope tinker
Head,Legions of Shadows,Act 2: Mistwood & Black Marsh,Footpad's cover (R),0,2,0,1,None,338,Thievies' guild
Head,Legions of Shadows,Act 2: Mistwood & Black Marsh,Skull cap,1,0,0,1,None,287,Mushroom forest
Head,Legions of Shadows,Act 2: Mistwood & Black Marsh,Great helm,1,1,0,0,None,494,Slime
Head,Legions of Shadows,Act 2: Mistwood & Black Marsh,Wyrm crest,0,0,1,2,None,517,Wormwood (normal)
Head,Legions of Shadows,Act 2: Mistwood & Black Marsh,Wyrm crown,0,0,2,2,None,533,Wormwood (special)
Head,Legions of Shadows,Act 2: Mistwood & Black Marsh,Nightguard cover,1,0,0,2,Steadfast,548,Treasure vault
Head,Legions of Shadows,Act 2: Mistwood & Black Marsh,Flame-bathed cowl,0,2,0,1,Sear,655,Inferno
Head,Legions of Shadows,Act 2: Mistwood & Black Marsh,Jester's cap,1,1,0,0,Last laugh,374,Jester
Head,Legions of Shadows,Act 2: Mistwood & Black Marsh,Masque of deceit,1,0,0,2,Deceieve,422,Count (normal)
Head,Legions of Shadows,Act 2: Mistwood & Black Marsh,Pirate's bandanna,1,2,0,0,None,716,Kalimari
Head,Legions of Shadows,Act 2: Mistwood & Black Marsh,Vanquisher's helm (W),0,2,0,2,Vanquish,581,Armoury
Head,Legions of Shadows,Act 2: Mistwood & Black Marsh,Night watch (R),1,2,0,0,Steadfast,583,Raptor pit
Head,Legions of Shadows,Act 2: Mistwood & Black Marsh,Cover of darkness (R),1,2,0,0,Evade,744,Gargoyle chest
Head,Legions of Shadows,Act 2: (Continued),Crown of command,0,1,1,0,Command,689,Stone giant
Head,Legions of Shadows,Act 2: (Continued),Crown of command (upgrade 1),0,3,3,0,Command,689,Stone giant
Head,Legions of Shadows,Act 2: (Continued),Crown of command (upgrade 2),0,5,5,0,Command,689,Stone giant
Head,Legions of Shadows,Act 2: (Continued),Tri-horned hat,0,0,1,2,Charm,277,Left-hook Luke
Head,Legions of Shadows,Act 2: (Continued),Horns of the bull,1,0,0,2,Charge,216,Zen
Head,Legions of Shadows,Act 2: (Continued),Simian crown,1,2,0,0,Chill touch,359,King Louis
Head,Legions of Shadows,Act 2: (Continued),Desert Keffiyeh,1,2,0,0,None,370,Nasareim
Head,Legions of Shadows,Act 2: (Continued),Agal of shifting sands,0,0,2,2,None,370,Nasareim
Head,Legions of Shadows,Act 2: (Continued),Wreath of woe,1,0,3,0,Barbs,346,Snapjaw
Head,Legions of Shadows,Act 2: (Continued),Firewalker's faceguard (W),1,0,0,3,Overpower,400,Magmageddon
Head,Legions of Shadows,Act 3: The Bone Fields,Total eclipse (R),2,3,0,0,Vanish,839,Waldo's wares
Head,Legions of Shadows,Act 3: The Bone Fields,Wyvern jaws,0,0,3,2,None,776,Bone wyvern
Head,Legions of Shadows,Act 3: The Bone Fields,Knuckle head (W),1,2,0,0,Slam,695,Bone construct
Head,Legions of Shadows,Act 3: The Bone Fields,Hood of night,2,0,3,0,Charm,649,Necromancer
Head,Legions of Shadows,Act 3: The Bone Fields,Enchanted coif (M),2,0,0,2,Deceive,677,Tor knight
Head,Legions of Shadows,Act 3: The Bone Fields,Forked crest,1,3,0,0,Charge,775,Skeleton horde
Head,Legions of Shadows,Act 3: The Bone Fields,Bone headdress,0,0,3,2,Charm,778,Ghoul pack
Head,Legions of Shadows,Act 3: The Bone Fields,Cracked spectacles,2,0,2,0,Focus,923,Apprentice
Head,Legions of Shadows,Act 3: The Bone Fields,Crown of ice,2,0,3,0,Barbs,874,Sammain (special)
Head,Legions of Shadows,Act 3: The Bone Fields,Bone halo,2,0,3,0,Focus,906,Bone angel
Head,Legions of Shadows,Act 3: The Bone Fields,Black widow,2,2,0,0,Webbed,929,Dark Arthurian
Head,Legions of Shadows,Act 3: The Bone Fields,Diadem of mastery (M),2,0,3,0,Dominate,664,Brothers' Grimm
Head,Legions of Shadows,Act 3: (Continued),Ghoul's collar,2,0,0,3,Piercing,702,Ghoulash
Head,Legions of Shadows,Act 3: (Continued),Budak's blindfold (R),2,3,0,0,Second sight,733,Budak
Head,Legions of Shadows,Act 3: (Continued),Brain infusers,2,0,0,3,Lightning,642,Lichenstein
Head,Legions of Shadows,Act 3: (Continued),The morgue (M),2,0,3,0,Leech,765,Malcontent
Head,Legions of Shadows,Act 3: (Continued),Cerebral helm (M),2,0,3,0,Overload,765,Death orb
Head,Legions of Shadows,Act 3: (Continued),Cranium plate,0,2,0,3,Fortitide,665,Lord of pain
Head,Legions of Shadows,Act 3: (Continued),Dread mask (W),2,3,0,0,Overpower,893,Daarko
Head,Legions of Shadows,Act 3: (Continued),Drape of shadow,2,4,0,0,Chill touch,813,Ghasts
Head,Legions of Shadows,Act 3: (Continued),Thalamus tiara (M),2,0,5,0,Haste,826,Doom orb
Gloves,Legions of Shadows,Act 1: Tithebury Cross,Embroidered gloves,1,0,1,0,None,68,Vendor/Tithebury Cross
Gloves,Legions of Shadows,Act 1: Tithebury Cross,Rat-bitten gloves,0,1,1,0,None,161,Rat swarm
Gloves,Legions of Shadows,Act 1: Tithebury Cross,Half-digested gauntlets,0,1,0,1,Acid,258,Burrower wyrm
Gloves,Legions of Shadows,Act 1: Tithebury Cross,Mason's gloves,1,0,0,0,First cut,209,Crypt chest
Gloves,Legions of Shadows,Act 2: Mistwood & Black Marsh,Stone fists,0,2,0,1,None,522,Treasure vault
Gloves,Legions of Shadows,Act 2: Mistwood & Black Marsh,Diamond gauntlets,0,2,0,0,Piercing,540,Rumbler
Gloves,Legions of Shadows,Act 2: (Continued),Vambraces of might,1,0,0,2,Parry,568,Inferno
Gloves,Legions of Shadows,Act 2: (Continued),Prophet's handwraps,0,1,0,1,Trickster,550,Jenlar's cabin
Gloves,Legions of Shadows,Act 2: (Continued),Nightguard gloves (R),1,0,0,2,Steadfast,642,Armoury
Gloves,Legions of Shadows,Act 2: (Continued),Nightwalker gloves (R),1,2,0,0,Nightwalker set,765,Gargoyle chest
Gloves,Legions of Shadows,Act 2: (Continued),Battlemage's fists (M),0,0,3,3,Dominate,414,Arena champion
Gloves,Legions of Shadows,Act 2: (Continued),Barbed bracers,1,0,0,2,Barbs,346,Snapjaw
Gloves,Legions of Shadows,Act 2: (Continued),Gardener's gloves,1,0,0,2,Thorns,516,Alchemist bonus quest
Gloves,Legions of Shadows,Act 2: (Continued),Hydra-scaled gloves (M),0,0,2,2,Regrowth,389,Snapjaw
Gloves,Legions of Shadows,Act 2: (Continued),Hydra-scaled fists (M),0,0,3,2,Regrowth,418,Snapjaw
Gloves,Legions of Shadows,Act 2: (Continued),Molten gauntlets (W),0,2,0,1,Fire aura,377,Vesuvius
Gloves,Legions of Shadows,Act 2: (Continued),Crimson cuffs,1,0,4,0,Sear,400,Magmageddon
Gloves,Legions of Shadows,Act 3: The Bone Fields,Mortuary gauntlets (W),1,0,0,3,Acid,803,Waldo's wares
Gloves,Legions of Shadows,Act 3: The Bone Fields,Reaper's fists (R),1,3,0,0,Critical strike,903,Waldo's wares
Gloves,Legions of Shadows,Act 3: The Bone Fields,Bestial gloves,0,2,0,2,Adrenaline,620,Packmaster
Gloves,Legions of Shadows,Act 3: The Bone Fields,Gauntlets of the fallen (W),0,3,0,2,Finery of the fallen,617,Tor knight
Gloves,Legions of Shadows,Act 3: The Bone Fields,Bone bracers,1,2,0,0,Bleed,759,Flesh golem
Gloves,Legions of Shadows,Act 3: The Bone Fields,Branded bracers,0,2,0,2,Regrowth,880,Branded brute
Gloves,Legions of Shadows,Act 3: The Bone Fields,Tainted wraps,1,0,3,0,Curse,912,Malaise
Gloves,Legions of Shadows,Act 3: The Bone Fields,Devourer's grips (M),1,0,4,0,Rust,664,Brothers'Grimm
Gloves,Legions of Shadows,Act 3: The Bone Fields,Bracelet of iron,0,2,0,3,Might of stone,736,Ghoulash chains
Gloves,Legions of Shadows,Act 3: The Bone Fields,Bracelet of fire (M),1,0,3,0,Embers,736,Ghoulash chains
Gloves,Legions of Shadows,Act 3: The Bone Fields,Bracelet of fury,1,4,0,0,Adrenaline,736,Ghoulash chains
Gloves,Legions of Shadows,Act 3: (Continued),Bracelet of power (M),1,0,3,0,Focus,702,Ghoulash
Gloves,Legions of Shadows,Act 3: (Continued),Razor fists,0,1,0,3,Rake,722,Bone giant
Gloves,Legions of Shadows,Act 3: (Continued),Abattoir gloves (M),1,0,4,0,Bleed,642,Lichenstein
Chest,Legions of Shadows,Act 1: Tithebury Cross,Silk robe,0,0,1,0,None,68,Vendor/Tithebury Cross
Chest,Legions of Shadows,Act 1: Tithebury Cross,Goblin leathers,0,0,0,1,None,150,Goblin
Chest,Legions of Shadows,Act 1: Tithebury Cross,Huntsman's jerkin,0,0,0,1,None,228,Huntsman
Chest,Legions of Shadows,Act 1: Tithebury Cross,Studded leather,0,0,0,2,None,125/174,Were rat
Chest,Legions of Shadows,Act 1: Tithebury Cross,Rain-soaked robe,0,0,1,1,None,243,Weather wizard
Chest,Legions of Shadows,Act 1: Tithebury Cross,Web-coated jerkin,0,1,0,1,Webbed,206,Water cave
Chest,Legions of Shadows,Act 1: Tithebury Cross,Spindlesilk mantle,0,0,1,1,Spindlesilk set,91,Spindle
Chest,Legions of Shadows,Act 1: Tithebury Cross,Crusader's vestments,0,1,0,1,Heal,160,Valadin Roth
Chest,Legions of Shadows,Act 1: Tithebury Cross,Hellfire robes,1,0,1,0,Trickster,133,Changeling
Chest,Legions of Shadows,Act 1: Tithebury Cross,Duskleaf doubloon,1,1,0,0,Charm,80,Zalladrel
Chest,Legions of Shadows,Act 2: Mistwood & Black Marsh,Chitinous carapace,1,0,0,2,Charm,368,Kerklick
Chest,Legions of Shadows,Act 2: Mistwood & Black Marsh,Patchwork jerkin,1,1,0,0,Evade,374,Jester
Chest,Legions of Shadows,Act 2: (Continued),Gown of midnight,1,0,2,0,Evade,445,Elvera
Chest,Legions of Shadows,Act 2: (Continued),Sanguine gown,1,0,2,0,Evade,460,Clymonistra
Chest,Legions of Shadows,Act 2: (Continued),Cinder's gown (M),1,0,3,0,Sear,655,Cinders
Chest,Legions of Shadows,Act 2: (Continued),Scorched tunic,1,0,0,2,Charm,568,Inferno
Chest,Legions of Shadows,Act 2: (Continued),Nightwalker tunic (R),1,2,0,0,Nightwalker set,497,Boggart
Chest,Legions of Shadows,Act 2: (Continued),Vigilant chestguard (W),1,0,0,3,None,509,Swamp giant
Chest,Legions of Shadows,Act 2: (Continued),Scaled vest,1,0,2,0,Swamp legs,452,Angler's cave
Chest,Legions of Shadows,Act 2: (Continued),Ink-stained vest,2,1,0,0,None,716,Kalimari
Chest,Legions of Shadows,Act 2: (Continued),Navigator's waistcoat,2,0,0,2,Charm,544,Leviathan
Chest,Legions of Shadows,Act 2: (Continued),Channeler's robes (M),0,0,3,2,Focus,434,Raptor pit
Chest,Legions of Shadows,Act 2: (Continued),Lincoln green (W),2,2,0,0,Charm,590,Raptor pit
Chest,Legions of Shadows,Act 2: (Continued),Skulker's coat (R),1,0,0,3,Evade,583,Raptor pit
Chest,Legions of Shadows,Act 2: (Continued),Spellplate,1,0,0,3,Focus,598,Armoury
Chest,Legions of Shadows,Act 2: (Continued),Stone coat (W),2,0,0,2,Might of stone,706,Gargoyle chest
Chest,Legions of Shadows,Act 2: (Continued),Breastplate of the bull,0,3,0,2,Charge,216,Zen
Chest,Legions of Shadows,Act 2: (Continued),Hunter's hide,1,0,0,2,Immobilise,379,Nalsa
Chest,Legions of Shadows,Act 2: (Continued),The cage (W),2,0,0,3,Iron will,414,Arena champion
Chest,Legions of Shadows,Act 2: (Continued),Dragonscale mail (W),2,0,0,3,Second skin,708,Kindle
Chest,Legions of Shadows,Act 3: The Bone Fields,Raider's tunic (W),2,4,0,0,Retaliation,803,Waldo's wares
Chest,Legions of Shadows,Act 3: The Bone Fields,Slipstream gown (M),2,0,4,0,Overload,881,Waldo's wares
Chest,Legions of Shadows,Act 3: The Bone Fields,Confessor's coat (R),2,4,0,0,Fortitude,903,Waldo's wares
Chest,Legions of Shadows,Act 3: The Bone Fields,Titan plate,1,0,0,2,Fearless,730,Bone giants
Chest,Legions of Shadows,Act 3: (Continued),Deathgrip robes,2,0,3,0,Corruption,770,Rotterghast
Chest,Legions of Shadows,Act 3: (Continued),Lion's tabard,1,2,0,0,Fearless,892,Arthurian's vault
Chest,Legions of Shadows,Act 3: (Continued),Skullplate,2,0,0,3,Dominate,906,Bone angel
Chest,Legions of Shadows,Act 3: (Continued),Funeral gown,1,0,3,0,Charm,916,Yorvic
Chest,Legions of Shadows,Act 3: (Continued),Redguard's tabard,2,0,0,4,Iron will,735,Special achievement
Chest,Legions of Shadows,Act 3: (Continued),Stalker's jerkin (R),2,0,0,3,Evade,733,Budak
Chest,Legions of Shadows,Act 3: (Continued),Silleer's robe (M),2,0,3,0,Curse,570,Silleer
Chest,Legions of Shadows,Act 3: (Continued),Plate of the fallen (W),2,0,0,4,finery of the fallen,719,Tor knight
Chest,Legions of Shadows,Act 3: (Continued),Funeral wraps,2,3,0,0,Bleed,765,Malcontent
Chest,Legions of Shadows,Act 3: (Continued),Pacemaker (W),2,0,0,4,Kick start,716,The blob
Chest,Legions of Shadows,Act 3: (Continued),Shadow bindings (R),2,3,0,0,Evade,631,Mage hunter
Chest,Legions of Shadows,Act 3: (Continued),Dark slayer vest (R),2,4,0,0,Dominate,843,Daarko
Chest,Legions of Shadows,Act 3: (Continued),Decayer's wraps,2,3,0,0,Disease,845,Decayers
Chest,Legions of Shadows,Act 3: (Continued),Beast's harness (W),2,0,0,4,Knockdown,801,The wrecker
Chest,Legions of Shadows,Act 3: (Continued),Beast's backbone (R),2,4,0,0,Savagery,847,The wrecker
Chest,Legions of Shadows,Act 3: (Continued),Bloodied chestguard (W),2,0,0,4,Bleed,882,Sannrah
Feet,Legions of Shadows,Act 1: Tithebury Cross,Buckled boots,1,1,0,0,None,175,Vendor/Tithebury Cross
Feet,Legions of Shadows,Act 1: Tithebury Cross,Spindlesilk boots,1,0,1,0,Spindlesilk set,110,Vendor/Tithebury Cross
Feet,Legions of Shadows,Act 1: Tithebury Cross,Crow's feet,1,0,1,0,None,204,Scarecrow
Feet,Legions of Shadows,Act 1: (Continued),Goblin kickers,1,1,0,0,None,199,Hobgoblin
Feet,Legions of Shadows,Act 1: (Continued),Rat-skin boots,1,0,0,0,None,260,Goblin chief
Feet,Legions of Shadows,Act 1: (Continued),Dusty footpads,1,0,0,0,Charm,206,Water cave
Feet,Legions of Shadows,Act 1: (Continued),Ruby slippers,1,0,0,1,Click your heels,155,Witch
Feet,Legions of Shadows,Act 1: (Continued),Boar-hide boots,1,0,0,1,Steadfast,44,Humbaroth
Feet,Legions of Shadows,Act 1: (Continued),Reed-woven sandals,1,0,1,0,Charm,122,Bridge troll
Feet,Legions of Shadows,Act 2: Mistwood & Black Marsh,Rune-forged greaves,2,0,2,0,None,311,No Hope tinker
Feet,Legions of Shadows,Act 2: Mistwood & Black Marsh,Boots of swift flight (R),1,2,0,0,None,338,Thievies' guild
Feet,Legions of Shadows,Act 2: Mistwood & Black Marsh,Deerskin boots,1,1,0,0,None,287,Mushroom forest
Feet,Legions of Shadows,Act 2: Mistwood & Black Marsh,Sludge waders,1,0,0,1,None,494,Slime
Feet,Legions of Shadows,Act 2: Mistwood & Black Marsh,Baron's boots,1,0,0,1,Dominate,385,Baron Greylock
Feet,Legions of Shadows,Act 2: Mistwood & Black Marsh,Velvet slippers,1,0,3,0,Haste,487,Count (special)
Feet,Legions of Shadows,Act 2: Mistwood & Black Marsh,Scarab sandals (M),2,0,0,2,None,446,Treasure cave
Feet,Legions of Shadows,Act 2: Mistwood & Black Marsh,Bright greaves,1,2,0,0,Steadfast,497,Boggart
Feet,Legions of Shadows,Act 2: Mistwood & Black Marsh,Sanguine slippers (M),2,0,2,0,Charm,497,Boggart
Feet,Legions of Shadows,Act 2: Mistwood & Black Marsh,Captain's boots,2,0,0,1,None,716,Kalimari
Feet,Legions of Shadows,Act 2: Mistwood & Black Marsh,Scout's longboots (W),1,3,0,0,Sideswipe,590,Raptor pit
Feet,Legions of Shadows,Act 2: Mistwood & Black Marsh,Quicksilver boots (M),2,0,1,0,Quicksilver,434,Raptor pit
Feet,Legions of Shadows,Act 2: Mistwood & Black Marsh,Majestic greaves (W),2,2,0,0,Royal regalia,581,Armoury
Feet,Legions of Shadows,Act 2: Mistwood & Black Marsh,Shadow treads (R),1,2,0,0,Sidestep,744,Gargoyle chest
Feet,Legions of Shadows,Act 2: Mistwood & Black Marsh,Logan's runners (R),2,1,0,0,Sidestep,394,Logan
Feet,Legions of Shadows,Act 2: (Continued),Barkskin greaves,1,0,0,2,Steadfast,341,Barkrot
Feet,Legions of Shadows,Act 2: (Continued),Marsh striders,2,2,0,0,Sideswipe,389,Hydra (normal)
Feet,Legions of Shadows,Act 2: (Continued),Marsh stalkers,2,3,0,0,Sideswipe,418,Hydra (special)
Feet,Legions of Shadows,Act 3: The Bone Fields,Boots of shielding (M),2,0,0,1,Deflect,881,Waldo's wares
Feet,Legions of Shadows,Act 3: The Bone Fields,Barbarous boots (W),2,3,0,0,Savagery,815,Waldo's wares
Feet,Legions of Shadows,Act 3: The Bone Fields,Vagabond boots,2,0,0,2,Steadfast,620,Packmaster
Feet,Legions of Shadows,Act 3: The Bone Fields,Herald's spurs,2,1,0,0,Charge,617,Tor knight
Feet,Legions of Shadows,Act 3: The Bone Fields,Ebon boots,2,1,0,0,Fearless,649,Necromancer
Feet,Legions of Shadows,Act 3: The Bone Fields,Bewitched boots,2,0,2,0,Dominate,802,Tomb
Feet,Legions of Shadows,Act 3: The Bone Fields,Twisted treads,2,2,0,0,Trickster,912,Malaise
Feet,Legions of Shadows,Act 3: The Bone Fields,Rumble thumpers,1,3,0,0,Knockdown,616,The blob
Feet,Legions of Shadows,Act 3: The Bone Fields,Elemental greaves (M),2,0,0,2,Fire aura,865,Daarko
Feet,Legions of Shadows,Act 3: The Bone Fields,Boots of black fortune (W),2,0,0,2,Feint,893,Daarko
Main hand,Legions of Shadows,Act 1: Tithebury Cross,The apprentice,0,1,1,0,None,,Prologue
Main hand,Legions of Shadows,Act 1: Tithebury Cross,Notched blade,1,1,0,0,None,175,Vendor/Tithebury Cross
Main hand,Legions of Shadows,Act 1: Tithebury Cross,Curved blade,1,0,0,0,None,199,Hobgoblin
Main hand,Legions of Shadows,Act 1: (Continued),Goblin hewer,1,0,0,1,None,82,Woodsman
Main hand,Legions of Shadows,Act 1: (Continued),Huntsman's axe,0,2,0,0,None,228,Huntsman
Main hand,Legions of Shadows,Act 1: (Continued),Meat cleaver,1,0,0,0,Bleed,260,Goblin chief
Main hand,Legions of Shadows,Act 1: (Continued),Crone's dagger,1,0,1,0,None,40,Ruffians
Main hand,Legions of Shadows,Act 1: (Continued),Gilbert's club,0,3,0,0,None,40,Ruffians
Main hand,Legions of Shadows,Act 1: (Continued),Leader's edge,1,1,0,0,None,125/174,Were rat
Main hand,Legions of Shadows,Act 1: (Continued),Acid-coated battle axe,1,1,0,0,Acid,258,Burrower wyrm
Main hand,Legions of Shadows,Act 1: (Continued),Venomous fang,1,1,0,0,Venom,91,Spindle
Main hand,Legions of Shadows,Act 1: (Continued),Nightbringer,1,4,0,0,Might of stone,52,Noldor (special)
Main hand,Legions of Shadows,Act 1: (Continued),Nightfall,1,0,4,0,Might of stone,52,Noldor (special)
Main hand,Legions of Shadows,Act 1: (Continued),Ancient sword,1,1,0,0,Bleed,222,Skeleton knight
Main hand,Legions of Shadows,Act 1: (Continued),Dirk of deceit,1,1,0,0,Corruption,271,Fetch
Main hand,Legions of Shadows,Act 1: (Continued),Silver silence,1,0,1,0,Immobilise,271,Fetch
Main hand,Legions of Shadows,Act 1: (Continued),Skullbreaker,1,2,0,0,Pound,44,Humbaroth
Main hand,Legions of Shadows,Act 2: Mistwood & Black Marsh,Dark crystal (R),1,2,0,0,Venom,311,No Hope tinker
Main hand,Legions of Shadows,Act 2: Mistwood & Black Marsh,Black jack (R),1,3,0,0,Slam,338,Thievies' guild
Main hand,Legions of Shadows,Act 2: Mistwood & Black Marsh,Abyssal blade (R),2,3,0,0,Deep wound,432,Sea spray Steve
Main hand,Legions of Shadows,Act 2: Mistwood & Black Marsh,Ashen staff,1,0,2,0,None,283,Mud golem
Main hand,Legions of Shadows,Act 2: Mistwood & Black Marsh,Shiny dirk,1,2,0,0,None,287,Mushroom forest
Main hand,Legions of Shadows,Act 2: Mistwood & Black Marsh,Trog spear (W),1,3,0,0,None,327,Trogs
Main hand,Legions of Shadows,Act 2: Mistwood & Black Marsh,Black fang,1,2,0,0,Parry,517,Wormwood (normal)
Main hand,Legions of Shadows,Act 2: (Continued),Lacerator,1,3,0,0,Parry,533,Wormwood (special)
Main hand,Legions of Shadows,Act 2: (Continued),Bone scythe,1,2,0,0,Retaliation,368,Kerklick
Main hand,Legions of Shadows,Act 2: (Continued),Winter's bite (W),2,2,0,0,Bleed,385,Baron Greylock
Main hand,Legions of Shadows,Act 2: (Continued),Blood harvest (M),2,0,1,0,Leech,455,Lady Roe
Main hand,Legions of Shadows,Act 2: (Continued),Silk cut (R),2,2,0,0,Riposte,487,Count (special)
Main hand,Legions of Shadows,Act 2: (Continued),The rock (W),0,4,0,0,Slam,540,Rumbler
Main hand,Legions of Shadows,Act 2: (Continued),Illumanti rod (M),2,0,1,0,Overload,548,Treasure vault
Main hand,Legions of Shadows,Act 2: (Continued),Phoenix claw,1,2,0,0,Immobilise,565,Phoenix
Main hand,Legions of Shadows,Act 2: (Continued),Lucky fishing rod,2,1,0,0,Charm,452,Angler's cave
Main hand,Legions of Shadows,Act 2: (Continued),Magician's crook (M),2,0,3,0,Radiance,446,Treasure cave
Main hand,Legions of Shadows,Act 2: (Continued),Trident of the seven seas,1,0,3,0,None,479,Wreekin
Main hand,Legions of Shadows,Act 2: (Continued),Dark malice (W),2,3,0,0,Impale,506,Scorpios
Main hand,Legions of Shadows,Act 2: (Continued),Scorpion stinger (R),2,1,0,0,Venom,506,Scorpios
Main hand,Legions of Shadows,Act 2: (Continued),Betsy blue anchor (W),1,4,0,0,Stun,544,Leviathan
Main hand,Legions of Shadows,Act 2: (Continued),Spellbreaker (R),2,4,0,0,Disrupt,567,Armoury
Main hand,Legions of Shadows,Act 2: (Continued),Frenzy (W),2,4,0,0,Cleave,581,Armoury
Main hand,Legions of Shadows,Act 2: (Continued),Swordbreaker (M),2,0,3,0,Retaliation,593,Armoury
Main hand,Legions of Shadows,Act 2: (Continued),Pulveriser (W),2,4,0,0,Knockdown,706,Gargoyle chest
Main hand,Legions of Shadows,Act 2: (Continued),Torturer's rod (M),2,2,0,0,Stun,713,Gargoyle chest
Main hand,Legions of Shadows,Act 2: (Continued),Buccaneer's rapier,1,1,0,0,Riposte,277,Left-hook Luke
Main hand,Legions of Shadows,Act 2: (Continued),Nalsa's claws,1,2,0,0,Piercing,379,Nalsa
Main hand,Legions of Shadows,Act 2: (Continued),Ebony,2,3,0,0,Ebony and ivory,370,Nasareim
Main hand,Legions of Shadows,Act 2: (Continued),Brawler's shiv (R),2,4,0,0,Venom,414,Arena champion
Main hand,Legions of Shadows,Act 2: (Continued),Fire brand (M),2,0,2,0,Fire aura,377,Vesuvius
Main hand,Legions of Shadows,Act 2: (Continued),Burning heretic (R),3,3,0,0,Critical strike,400,Magmageddon
Main hand,Legions of Shadows,Act 2: (Continued),Velocifero,3,3,0,0,Riposte,729,Shadowstalker
Main hand,Legions of Shadows,Act 3: The Bone Fields,Sliver of shadow (R),2,4,0,0,Chill touch,839,Waldo's wares
Main hand,Legions of Shadows,Act 3: The Bone Fields,Talanost's edge (R),3,5,0,0,Sear,903,Waldo's wares
Main hand,Legions of Shadows,Act 3: The Bone Fields,Wicked claw,1,3,0,0,Critical strike,776,Bone wyvern
Main hand,Legions of Shadows,Act 3: The Bone Fields,Bone claw,2,3,0,0,Rake,695,Bone construct
Main hand,Legions of Shadows,Act 3: The Bone Fields,Lasher,3,3,0,0,Bleed,620,Packmaster
Main hand,Legions of Shadows,Act 3: The Bone Fields,Tainted striker (M),3,0,3,0,Corruption,677,Tor knight
Main hand,Legions of Shadows,Act 3: The Bone Fields,Spinal tap (W),3,4,0,0,Impale,759,Flesh golem
Main hand,Legions of Shadows,Act 3: The Bone Fields,Bone gavel (W),3,4,0,0,Knockdown,730,Bone giants
Main hand,Legions of Shadows,Act 3: The Bone Fields,Tenacity (R),2,5,0,0,Deep wound,770,Rotterghast
Main hand,Legions of Shadows,Act 3: The Bone Fields,Scorn (R),2,3,0,0,Immobilise,912,Malaise
Main hand,Legions of Shadows,Act 3: The Bone Fields,Ever-sharp (W),3,4,0,0,Deep wound,916,Yorvic
Main hand,Legions of Shadows,Act 3: The Bone Fields,Deep freeze,2,0,3,0,Stun,869,Sammain (normal)
Main hand,Legions of Shadows,Act 3: The Bone Fields,Hoarfrost,2,0,3,0,Chill touch,874,Sammain (special)
Main hand,Legions of Shadows,Act 3: The Bone Fields,Grimm reaper (W),3,5,0,0,Brutality,727,Brothers' Grimm
Main hand,Legions of Shadows,Act 3: The Bone Fields,Serenity (R),2,4,0,0,Deep wound,733,Budak
Main hand,Legions of Shadows,Act 3: The Bone Fields,Wand of lightning (M),2,0,4,0,Shock!,570,Silleer
Main hand,Legions of Shadows,Act 3: The Bone Fields,Pain in chains,2,4,0,0,Pound,722,Bone giants
Main hand,Legions of Shadows,Act 3: The Bone Fields,Frost burn (M),2,0,4,0,Piercing,584,Chilblain
Main hand,Legions of Shadows,Act 3: The Bone Fields,Belching bludger,2,4,0,0,Disease,616,The blob
Main hand,Legions of Shadows,Act 3: The Bone Fields,Mortician's scalpel (R),3,4,0,0,Disease,642,Lichenstein
Main hand,Legions of Shadows,Act 3: The Bone Fields,Tempest's fury,2,0,5,0,Windblast,754,Flay
Main hand,Legions of Shadows,Act 3: The Bone Fields,Blood crescent (W),3,5,0,0,Cleave,631,Mage hunter
Main hand,Legions of Shadows,Act 3: The Bone Fields,Orb stinger (R),3,4,0,0,Shock!,665,Death orb
Main hand,Legions of Shadows,Act 3: The Bone Fields,Trickster's maul,3,4,0,0,Trickster,711,Lord of pain
Main hand,Legions of Shadows,Act 3: The Bone Fields,Shadow-woven kris (R),3,5,0,0,Deep wound,843,Daarko
Main hand,Legions of Shadows,Act 3: The Bone Fields,Sacrum of carnage (R),2,5,0,0,Fatal blow,847,The wrecker
Main hand,Legions of Shadows,Act 3: (Continued),Aged acronium (M),2,0,5,0,Rust,878,The wrecker
Main hand,Legions of Shadows,Act 3: (Continued),The sting (W),3,5,0,0,Impale,868,Scarrons
Main hand,Legions of Shadows,Act 3: (Continued),Fortune's favour (M),2,0,5,0,Radiance,871,Sannrah
Main hand,Legions of Shadows,Act 3: (Continued),Retribution (W),3,6,0,0,Feral fury,882,Sannrah
Left hand,Legions of Shadows,Act 1: Tithebury Cross,Scaled defender,0,2,0,1,None,191,Vendor/Tithebury Cross
Left hand,Legions of Shadows,Act 1: Tithebury Cross,Murder of crows,1,1,0,0,None,204,Scarecrow
Left hand,Legions of Shadows,Act 1: Tithebury Cross,Crock's tooth,0,1,0,0,None,118,Crocodile
Left hand,Legions of Shadows,Act 1: Tithebury Cross,Rennie's slicer,1,1,0,0,First cut,55/247,Rennie the rat
Left hand,Legions of Shadows,Act 1: Tithebury Cross,Stone shield,1,0,0,2,Slam,41,Noldor (normal)
Left hand,Legions of Shadows,Act 1: Tithebury Cross,Essence of shadow,1,0,1,0,Chill touch,43,Shadow
Left hand,Legions of Shadows,Act 1: Tithebury Cross,Ghoul claw,1,1,0,0,Piercing,106/127 /157,Ghouls
Left hand,Legions of Shadows,Act 1: Tithebury Cross,Dented buckler,1,0,0,1,None,166,Skeletons
Left hand,Legions of Shadows,Act 1: Tithebury Cross,Spider's spinneret,1,0,1,0,Webbed,179,Spiders
Left hand,Legions of Shadows,Act 1: Tithebury Cross,Rage claw,1,1,0,0,Dominate,26,Mauler
Left hand,Legions of Shadows,Act 2: Mistwood & Black Marsh,Ardent edge,1,2,0,0,Parry,494,Slime
Left hand,Legions of Shadows,Act 2: Mistwood & Black Marsh,Champion's blade,2,1,0,0,Bleed,283,Mud golem
Left hand,Legions of Shadows,Act 2: Mistwood & Black Marsh,Ridgeback (W),1,0,0,2,Slam,517,Wormwood (normal)
Left hand,Legions of Shadows,Act 2: Mistwood & Black Marsh,Razorback (W),2,0,0,2,Slam,533,Wormwood (special)
Left hand,Legions of Shadows,Act 2: Mistwood & Black Marsh,Rockbiter,1,2,0,0,Piercing,522,Treasure vault
Left hand,Legions of Shadows,Act 2: Mistwood & Black Marsh,Shrink ray,1,0,1,0,Zapped!,477/585,Hal Arbuckle
Left hand,Legions of Shadows,Act 2: Mistwood & Black Marsh,Book of black deeds (M),2,0,2,0,None,445,Treasure vault
Left hand,Legions of Shadows,Act 2: Mistwood & Black Marsh,Vampire's kiss,1,2,0,0,Leech,422,Treasure vault
Left hand,Legions of Shadows,Act 2: Mistwood & Black Marsh,Ivory (R+W),2,2,0,0,Ebony and ivory,333,Treasure cave
Left hand,Legions of Shadows,Act 2: Mistwood & Black Marsh,T-Bone wand (M),1,1,0,0,Bolt,449/529,Wreekin
Left hand,Legions of Shadows,Act 2: Mistwood & Black Marsh,Wreekin net,1,2,0,0,Webbed,479,Wreekin
Left hand,Legions of Shadows,Act 2: Mistwood & Black Marsh,Twin furies (R),1,3,0,0,None,452,Angler's cave
Left hand,Legions of Shadows,Act 2: Mistwood & Black Marsh,Blackout,2,2,0,0,Stun,509,Swamp giant
Left hand,Legions of Shadows,Act 2: Mistwood & Black Marsh,Tome of deep thought (M),2,0,3,0,None,550,Jenlar's cabin
Left hand,Legions of Shadows,Act 2: Mistwood & Black Marsh,Deliverance (W),1,3,0,0,Deep wound,590,Raptor pit
Left hand,Legions of Shadows,Act 2: Mistwood & Black Marsh,Witching hour (R),2,3,0,0,Bull's eye,583,Raptor pit
Left hand,Legions of Shadows,Act 2: Mistwood & Black Marsh,Ebenezer's spellbook (M),2,0,2,0,Sear,434,Raptor pit
Left hand,Legions of Shadows,Act 2: Mistwood & Black Marsh,St Elmo's fire,2,0,2,0,Lightning,544,Leviathan
Left hand,Legions of Shadows,Act 2: Mistwood & Black Marsh,Vorpal sword (R),2,3,0,0,Vanquish,567,Armoury
Left hand,Legions of Shadows,Act 2: Mistwood & Black Marsh,Dour claws (W),1,4,0,0,Rake,706,Gargoyle chest
Left hand,Legions of Shadows,Act 2: Mistwood & Black Marsh,Tome of intellect (M),2,0,2,0,Focus,713,Gargoyle chest
Left hand,Legions of Shadows,Act 2: Mistwood & Black Marsh,Stone crescent (W),2,0,0,2,Slam,443,Stone giant
Left hand,Legions of Shadows,Act 2: Mistwood & Black Marsh,Left hook,1,2,0,0,Immobilise,277,Left-hook Luke
Left hand,Legions of Shadows,Act 2: Mistwood & Black Marsh,Deathstrike,1,3,0,0,Bull's eye,394,Logan
Left hand,Legions of Shadows,Act 2: Mistwood & Black Marsh,Sprig of corruption,2,0,3,0,Corruption,341,Barkrot
Left hand,Legions of Shadows,Act 2: Mistwood & Black Marsh,Spine tooth (R),2,2,0,0,Critical strike,346,Snapjaw
Left hand,Legions of Shadows,Act 2: (Continued),Hydra's wing (W),2,0,0,2,Deflect,389,Hydra (normal)
Left hand,Legions of Shadows,Act 2: (Continued),Hydra's guard (W),2,0,0,3,Deflect,418,Hydra (special)
Left hand,Legions of Shadows,Act 2: (Continued),Dragonslayer,2,4,0,0,Deep wound,708,Kindle
Left hand,Legions of Shadows,Act 2: (Continued),Shadowblade,2,0,3,0,Retaliation,729,Shadowstalker
Left hand,Legions of Shadows,Act 3: The Bone Fields,Talanost's wall (W),2,0,0,5,Deflect,803,Waldo's wares
Left hand,Legions of Shadows,Act 3: The Bone Fields,Talanost's reach (M),3,0,4,0,Critical strike,881,Waldo's wares
Left hand,Legions of Shadows,Act 3: The Bone Fields,Tor shield,2,0,0,2,Deflect,617,Tor knight
Left hand,Legions of Shadows,Act 3: The Bone Fields,Spite,2,3,0,0,Venom,649,Necromancer
Left hand,Legions of Shadows,Act 3: The Bone Fields,Iron curtain (W),0,3,0,2,Iron will,775,Skeleton horde
Left hand,Legions of Shadows,Act 3: The Bone Fields,Chains of binding (M),2,0,3,0,Shackle,778,Ghouls
Left hand,Legions of Shadows,Act 3: The Bone Fields,Shallow grave,2,3,0,0,Savagery,827,Tomb robber
Left hand,Legions of Shadows,Act 3: The Bone Fields,Raven eye,2,3,0,0,Bolt,834,Dark ranger
Left hand,Legions of Shadows,Act 3: The Bone Fields,Witch's finger,2,0,3,0,Curse,869,Sammain (normal)
Left hand,Legions of Shadows,Act 3: The Bone Fields,Meat grinder,2,3,0,0,Pound,891,Clockwerk
Left hand,Legions of Shadows,Act 3: The Bone Fields,Steel gear solid (W),2,0,0,3,Retaliation,891,Clockwerk
Left hand,Legions of Shadows,Act 3: The Bone Fields,Justice,2,3,0,0,Knockdown,892,Arthurian's vault
Left hand,Legions of Shadows,Act 3: The Bone Fields,Twilight claw,2,3,0,0,Rake,929,Dark arthurian
Left hand,Legions of Shadows,Act 3: The Bone Fields,Black death (R),2,4,0,0,Critical strike,622,Brothers' Grimm
Left hand,Legions of Shadows,Act 3: The Bone Fields,Grasping grimm (M),3,0,3,0,Rake,664,Brothers'Grimm
Left hand,Legions of Shadows,Act 3: The Bone Fields,Grimoire of entropy (M),3,0,3,0,Sear,570,Silleer
Left hand,Legions of Shadows,Act 3: The Bone Fields,Dark tower (W),2,0,0,4,Impale,719,Tor knight
Left hand,Legions of Shadows,Act 3: (Continued),Thunder hammer (W),2,4,0,0,Shock!,719,Tor knight
Left hand,Legions of Shadows,Act 3: (Continued),Shield of bones (W),0,4,0,2,Piercing,722,Bone giant
Left hand,Legions of Shadows,Act 3: (Continued),Shield of bones (M),3,0,3,0,Dominate,762,Scout
Left hand,Legions of Shadows,Act 3: (Continued),Shield of bones (R),2,4,0,0,Sear,762,Scout
Left hand,Legions of Shadows,Act 3: (Continued),Bone splinter (R),2,4,0,0,Piercing,584,Chilblain
Left hand,Legions of Shadows,Act 3: (Continued),Shield of angels,1,5,0,0,Windblast,754,Flay
Left hand,Legions of Shadows,Act 3: (Continued),Shield of blasting (W),2,0,0,3,Lightning,665,Death orb
Left hand,Legions of Shadows,Act 3: (Continued),Torment,2,0,4,0,Disease,711,Lord of pain
Left hand,Legions of Shadows,Act 3: (Continued),Fang of Vengos (R),2,4,0,0,Venom,868,Scarrons
Left hand,Legions of Shadows,Act 3: (Continued),Parasitic plate (W),2,0,0,4,Leech,845,Decayers
Left hand,Legions of Shadows,Act 3: (Continued),Lexicon of bones (M),2,0,5,0,Haunt,813,Ghasts
Left hand,Legions of Shadows,Act 3: (Continued),Wrecking ball (W),2,5,0,0,Demolish,801,The wrecker
Left hand,Legions of Shadows,Act 3: (Continued),Cortical bulb (M),3,0,5,0,Brain drain,826,Doom orb
Left hand,Legions of Shadows,Act 3: (Continued),Bone bow of grief (W),2,5,0,0,Puncture,882,Sannrah
Left hand,Legions of Shadows,Act 3: (Continued),Final solution (R),2,5,0,0,Acid,887,Sannrah
Talisman,Legions of Shadows,Act 1: Tithebury Cross,Stone ward,0,0,0,0,Might of stone,41,Noldor (normal)
Talisman,Legions of Shadows,Act 1: Tithebury Cross,Spindle's eye,1,0,0,0,Charm,91,Spindle
Talisman,Legions of Shadows,Act 1: Tithebury Cross,Third eye,1,0,0,0,Charm,155,Witch
Talisman,Legions of Shadows,Act 1: Tithebury Cross,Demon's heart,1,0,0,0,Trickster,133,Changeling
Talisman,Legions of Shadows,Act 2: Mistwood & Black Marsh,Avian's crest,0,1,1,0,Charm,275,Legions of Shadows,Act 2 prologue
Talisman,Legions of Shadows,Act 2: Mistwood & Black Marsh,Sap-filled gland,1,0,0,0,Heal,283,Kerklick
Talisman,Legions of Shadows,Act 2: Mistwood & Black Marsh,Elemental dust,0,0,1,0,Might of stone,540,Rumbler
Talisman,Legions of Shadows,Act 2: Mistwood & Black Marsh,Phoenix ashes,0,0,1,0,Heal,565,Phoenix
Talisman,Legions of Shadows,Act 2: Mistwood & Black Marsh,Dour's whetstone (R+W),1,0,0,0,Piercing,593,Stone puzzle
Talisman,Legions of Shadows,Act 2: Mistwood & Black Marsh,Seal of war,1,0,0,0,Fearless,593,Stone puzzle
Talisman,Legions of Shadows,Act 2: Mistwood & Black Marsh,Braids of the bull,1,0,0,0,Charge,216,Zen
Talisman,Legions of Shadows,Act 2: Mistwood & Black Marsh,Tiger's heart,1,0,0,0,Cat's speed,162,Shara Khana
Talisman,Legions of Shadows,Act 2: Mistwood & Black Marsh,Tiger's fury (W),1,0,0,0,Berserker,162,Shara Khana
Talisman,Legions of Shadows,Act 2: Mistwood & Black Marsh,Core of flame (M),0,0,1,0,Pyromancer,407,Vesuvius
Talisman,Legions of Shadows,Act 3: The Bone Fields,Lady of the lamp (M),0,0,0,1,Medic,680,Lansbury/medic tent
Talisman,Legions of Shadows,Act 3: The Bone Fields,Bone fetish (M),0,0,0,1,Necromancer,692/850,Necromancer
Talisman,Legions of Shadows,Act 3: The Bone Fields,Blinding dust,1,0,0,0,Deceive,730,Bone giants
Talisman,Legions of Shadows,Act 3: The Bone Fields,Bag o' bones,0,0,1,0,Curse,775,Skeleton horde
Talisman,Legions of Shadows,Act 3: The Bone Fields,Dark therapy,1,0,0,0,Regrowth,802,Tomb
Talisman,Legions of Shadows,Act 3: The Bone Fields,Grimm ichor (R),1,0,0,0,Poison mastery,622,Brothers' Grimm
Talisman,Legions of Shadows,Act 3: The Bone Fields,Survivor's pennant,1,1,0,0,Fortitude,735,Special achievement
Talisman,Legions of Shadows,Act 3: The Bone Fields,Heart of the beast,1,1,0,0,Savagery,702,Ghoulash
Talisman,Legions of Shadows,Act 3: The Bone Fields,Sands of time,1,0,0,0,Time shift,754,Flay
Talisman,Legions of Shadows,Act 3: The Bone Fields,Winter's heart (M),0,0,1,0,Icelock,761,Chilblain
Talisman,Legions of Shadows,Act 3: The Bone Fields,The craven's head (R),1,1,0,0,Sidestep,843,Daarko
Talisman,Legions of Shadows,Act 3: The Bone Fields,Seed of rage (M),0,0,2,0,Dominate,878,The wrecker
Necklace,Legions of Shadows,Act 1: Tithebury Cross,Granny's locket,0,0,1,0,None,199,Hobgoblin
Necklace,Legions of Shadows,Act 1: Tithebury Cross,Stone collar,0,0,0,1,Charm,41,Noldor (normal)
Necklace,Legions of Shadows,Act 1: Tithebury Cross,Beads of brilliance,0,1,1,0,None,193,Flooded cave
Necklace,Legions of Shadows,Act 1: Tithebury Cross,Clymonistra's sorrow,0,0,1,0,Cly's adornments,112,Catacombs
Necklace,Legions of Shadows,Act 1: Tithebury Cross,Trophy of bones,0,0,1,1,Charm,44,Humbaroth
Necklace,Legions of Shadows,Act 2: Mistwood & Black Marsh,Black pearl,0,0,2,0,Curse,432,Sea spray Steve
Necklace,Legions of Shadows,Act 2: Mistwood & Black Marsh,Amber-coated collar,0,0,0,1,Heal,314,Hive queen
Necklace,Legions of Shadows,Act 2: Mistwood & Black Marsh,Beetle-shell garland,1,0,0,0,Charm,327,Trogs
Necklace,Legions of Shadows,Act 2: Mistwood & Black Marsh,Channeler's prism,0,0,1,0,Focus,522,Treasure vault
Necklace,Legions of Shadows,Act 2: Mistwood & Black Marsh,Silver cross,1,0,1,0,Heal,291,Dead traveller
Necklace,Legions of Shadows,Act 2: Mistwood & Black Marsh,Vermillion heart,1,0,0,0,Life spark,455,Lady Roe
Necklace,Legions of Shadows,Act 2: Mistwood & Black Marsh,Dour's fury,1,0,0,0,Savagery,397,Treasure chest
Necklace,Legions of Shadows,Act 2: Mistwood & Black Marsh,Marsh pendant,0,0,1,1,Steadfast,506,Scorpios
Necklace,Legions of Shadows,Act 2: Mistwood & Black Marsh,Pendant of foresight,1,0,0,0,Evade,550,Jenlar's cabin
Necklace,Legions of Shadows,Act 2: Mistwood & Black Marsh,Lodestone,0,0,2,0,Rust,593,Stone puzzle
Necklace,Legions of Shadows,Act 2: Mistwood & Black Marsh,Warder's collar (M),0,0,1,2,Might of stone,598,Armoury
Necklace,Legions of Shadows,Act 2: Mistwood & Black Marsh,Diamond of the tundra,1,0,0,0,Piercing,359,King Louis
Necklace,Legions of Shadows,Act 2: Mistwood & Black Marsh,Eye of shadow,1,0,0,0,Haste,729,Shadowstalker
Necklace,Legions of Shadows,Act 3: The Bone Fields,Ghoul's teeth (R),1,0,0,0,Piercing,839,Waldo's wares
Necklace,Legions of Shadows,Act 3: The Bone Fields,Chilblain's tears (M),0,0,1,1,Piercing,914,Waldo's wares
Necklace,Legions of Shadows,Act 3: The Bone Fields,Leap of faith,1,0,0,0,Radiance,677,Tor knight
Necklace,Legions of Shadows,Act 3: The Bone Fields,Horn of courage (W),1,1,0,0,Courage,770,Rotterghast
Necklace,Legions of Shadows,Act 3: The Bone Fields,Dark queen,0,0,2,0,Heal,834,Dark ranger
Necklace,Legions of Shadows,Act 3: The Bone Fields,Charged core,0,0,2,0,Lifespark,891,Clockwerk
Necklace,Legions of Shadows,Act 3: The Bone Fields,Stolen hope,0,1,1,0,Deceive,929,Dark Arthurian
Necklace,Legions of Shadows,Act 3: The Bone Fields,Inner circle,0,0,0,0,(+5 health) Curse,541,Zul
Necklace,Legions of Shadows,Act 3: The Bone Fields,Glacial shards (W),1,1,0,0,Piercing,584,Chilblain
Necklace,Legions of Shadows,Act 3: The Bone Fields,Winged locket,0,0,0,1,(+5 health) Courage,777,Rune chest
Ring,Legions of Shadows,Act 1: Tithebury Cross,Widow's band,0,0,1,0,Heal,104,Martha
Ring,Legions of Shadows,Act 1: Tithebury Cross,Missing link,0,1,1,0,None,180,Barricaded room
Ring,Legions of Shadows,Act 1: Tithebury Cross,Traveller's band,0,1,1,0,Charm,251,Farm bedroom
Ring,Legions of Shadows,Act 1: Tithebury Cross,Lightning ring,0,0,0,0,Lightning,243,Weather wizard
Ring,Legions of Shadows,Act 1: Tithebury Cross,Grave dust ring,0,1,0,0,None,106/127,Ghouls
Ring,Legions of Shadows,Act 1: Tithebury Cross,Scholar's circle,0,0,0,0,Eureka!,170,Perinold
Ring,Legions of Shadows,Act 1: Tithebury Cross,Blackfire ring,0,0,0,0,Sear,133,Changeling
Ring,Legions of Shadows,Act 1: Tithebury Cross,Circle of thorns,0,0,0,0,Thorns,80,Zaladrell
Ring,Legions of Shadows,Act 2: Mistwood & Black Marsh,Splintered band (W),0,2,0,0,Retaliation,432,Sea spray Steve
Ring,Legions of Shadows,Act 2: Mistwood & Black Marsh,My precious,0,0,0,1,Vanish,327,Trogs
Ring,Legions of Shadows,Act 2: Mistwood & Black Marsh,Wayfarer's ring,0,1,1,0,Charm,291,Dead traveller
Ring,Legions of Shadows,Act 2: Mistwood & Black Marsh,Vermillion rage,0,0,1,0,Bleed,422,Count (normal)
Ring,Legions of Shadows,Act 2: Mistwood & Black Marsh,Clymonistra's folly,0,0,1,1,Cly's adornments,460,Clymonistra
Ring,Legions of Shadows,Act 2: Mistwood & Black Marsh,Finger of fire,0,1,0,0,Sear,655,Cinders
Ring,Legions of Shadows,Act 2: Mistwood & Black Marsh,Ring of the marshes,0,1,1,0,Swamp legs,449/529,Wreekin
Ring,Legions of Shadows,Act 2: Mistwood & Black Marsh,Steadfast ring (M),0,0,0,1,Steadfast,446,Treasure cave
Ring,Legions of Shadows,Act 2: Mistwood & Black Marsh,Serpent's coil (R+W),0,1,0,0,Immobilise,333,Treasure cave
Ring,Legions of Shadows,Act 2: Mistwood & Black Marsh,Band of conquest (R+W),0,0,0,1,Fortitude,333,Treasure cave
Ring,Legions of Shadows,Act 2: Mistwood & Black Marsh,Abyssal brimstone,0,0,1,0,Cauterise,397,Treasure chest
Ring,Legions of Shadows,Act 2: Mistwood & Black Marsh,Avatar's circle (M),0,0,1,0,Overload,443,Stone giant
Ring,Legions of Shadows,Act 2: Mistwood & Black Marsh,Lupine lapis,0,1,0,0,Bleed,696,Raolin Storm
Ring,Legions of Shadows,Act 2: Mistwood & Black Marsh,Mender's marcasite,0,0,1,0,Regrowth,696,Raolin Storm
Ring,Legions of Shadows,Act 2: Mistwood & Black Marsh,Cutter's cornelian,0,0,0,1,Piercing,696,Raolin Storm
Ring,Legions of Shadows,Act 2: Mistwood & Black Marsh,Magpie's mischief,0,0,0,1,Steal,394,Logan
Ring,Legions of Shadows,Act 2: Mistwood & Black Marsh,Dryad's band,0,1,0,0,Thorn armour,341,Barkrot
Ring,Legions of Shadows,Act 3: The Bone Fields,Khana's revenge (W),0,2,0,0,Bleed,815,Waldo's wares
Ring,Legions of Shadows,Act 3: The Bone Fields,Wrath of ages (M),0,0,2,0,Rust,914,Waldo's wares
Ring,Legions of Shadows,Act 3: The Bone Fields,Leader of the pack,0,1,0,0,Dominate,778,Ghouls
Ring,Legions of Shadows,Act 3: The Bone Fields,Sinister shadows,0,1,1,0,Vanish,834,Dark ranger
Ring,Legions of Shadows,Act 3: The Bone Fields,Blood winter,0,1,0,0,Leech,869,Sammain (normal)
Ring,Legions of Shadows,Act 3: (Continued),Hunger,0,2,0,0,Leech,874,Sammain (special)
Ring,Legions of Shadows,Act 3: (Continued),Tooth 'n claw (W),1,1,0,0,Sideswipe,727,Brothes' Grimm
Ring,Legions of Shadows,Act 3: (Continued),Martyr's blood,0,0,1,1,Martyr,735,Special achievement
Ring,Legions of Shadows,Act 3: (Continued),Seven stars (R+W),0,2,0,0,Heal,577,Silleer
Ring,Legions of Shadows,Act 3: (Continued),Wytchwood thorn (R+W),0,1,0,0,Thorns,577,Silleer
Ring,Legions of Shadows,Act 3: (Continued),Zul's zapper,0,1,1,0,Zapped!,541,Zul
Ring,Legions of Shadows,Act 3: (Continued),Band of elements (W+M),0,0,2,0,Lightning,724,Budak
Ring,Legions of Shadows,Act 3: (Continued),Budak's signet (W+M),0,1,1,0,Steal,724,Budak
Ring,Legions of Shadows,Act 3: (Continued),Spider sapphire (R+M),0,0,1,1,Webbed,726,Tor knight
Ring,Legions of Shadows,Act 3: (Continued),Serpentine spiral (R+M),0,1,0,1,Immobilise,726,Tor knight
Ring,Legions of Shadows,Act 3: (Continued),Conduit of shadow (M),0,0,3,0,Overload,865,Daarko
Ring,Legions of Shadows,Act 3: (Continued),Stria of Genna (M),0,0,1,2,Shock!,826,Doom orb
Cloak,The Heart of Fire,Act 1: Fenstone Moors,Saddle blanket,0,0,0,1,None,,Prologue
Cloak,The Heart of Fire,Act 1: Fenstone Moors,Inscribed mantle,0,0,1,1,Iron will,22,Vendor/Carvel
Cloak,The Heart of Fire,Act 1: Fenstone Moors,Shadow-dyed cloak,0,0,1,0,Wisdom,50,Barrow
Cloak,The Heart of Fire,Act 1: Fenstone Moors,Predator's pelt,0,1,0,1,None,106,Dire wolf
Cloak,The Heart of Fire,Act 1: Fenstone Moors,Cardinal's cappa,0,1,0,1,None,359,Bishop
Cloak,The Heart of Fire,Act 1: Fenstone Moors,Ghost cloth,0,0,0,1,Charm,367,Zombie horde (special)
Cloak,The Heart of Fire,Act 1: Fenstone Moors,Spectral shawl,0,1,0,0,Vanish,218,Reverend
Cloak,The Heart of Fire,Act 1: Fenstone Moors,Grizzly mantle,0,1,0,0,Savagery,105,Cuddles
Cloak,The Heart of Fire,Act 1: Fenstone Moors,Rock shoulders,0,0,0,1,Might of stone,228,Toymaker's golems
Cloak,The Heart of Fire,Act 1: Fenstone Moors,Wildfire weave,0,0,1,1,Backdraft,231,Black shuck
Cloak,The Heart of Fire,Act 2: Terral Jungle,Chibacha,1,2,0,0,Gorilla rage,612,Vendor/Emerald Isle
Cloak,The Heart of Fire,Act 2: Terral Jungle,Lice-ridden pelt (W),1,1,0,0,Parasite,232,Lycanth
Cloak,The Heart of Fire,Act 2: Terral Jungle,Shade's mantle (W),1,1,0,0,Trickster,556,Umbra
Cloak,The Heart of Fire,Act 2: Terral Jungle,Hair of the wolf (R),1,1,0,0,Cunning,507,Lycanth
Cloak,The Heart of Fire,Act 2: Terral Jungle,Stole of shadow (R),1,1,0,0,Steal,255,Umbra
Cloak,The Heart of Fire,Act 2: Terral Jungle,Twister (M),1,0,1,0,Confound,346,Zephyr
Cloak,The Heart of Fire,Act 2: Terral Jungle,Conch shoulders,1,0,0,1,Timeshift,634,Yootha (side quest)
Cloak,The Heart of Fire,Act 2: (Continued),Coronado's pride,1,0,1,0,Reckless,501,Dead explorer
Cloak,The Heart of Fire,Act 2: (Continued),Shroud of nightmares,1,2,0,0,Confound,748,Succubus
Cloak,The Heart of Fire,Act 2: (Continued),Net of snares,1,0,1,0,Immobilise,720,Perez
Cloak,The Heart of Fire,Act 2: (Continued),Hunter's burden (M),1,0,0,2,Feint,369,Buckmaster Bill (side quest)
Cloak,The Heart of Fire,Act 2: (Continued),Cope of rituals (R),1,2,0,0,Heal,511,Sun vault
Cloak,The Heart of Fire,Act 2: (Continued),Shredded drape (M),1,0,0,2,Channel,666,Lich
Cloak,The Heart of Fire,Act 2: (Continued),Cape of the savage (M),1,0,2,0,Primal,714,Gheira
Cloak,The Heart of Fire,Act 2: (Continued),Back to the wild (W/R),1,2,0,0,Fearless,729,Gheira
Cloak,The Heart of Fire,Act 2: (Continued),Mantle of the deceiver,1,3,0,2,Deceive,383,Kaala
Cloak,The Heart of Fire,Act 2: (Continued),Shawl of skulls (M),1,0,0,2,Purge,657,Siren sisters (side quest)
Cloak,The Heart of Fire,Act 2: (Continued),Drake-skin epaulets (M),2,0,4,0,Backdraft,761,Issachar
Cloak,The Heart of Fire,Act 3: Tartarus,Cloak of the undying,2,0,0,0,(+3 health) Gr. heal,682,Vendor/Haunted shop
Cloak,The Heart of Fire,Act 3: Tartarus,Wings of fury (M),2,0,3,0,Surge,790,Furies
Cloak,The Heart of Fire,Act 3: Tartarus,Sentry shoulders (W),2,0,0,2,Heavy blow,546,Bridge sentries
Cloak,The Heart of Fire,Act 3: Tartarus,Patchwork pulp,2,2,0,0,Slick,554,Book wyrm
Cloak,The Heart of Fire,Act 3: Tartarus,Nemesis shawl (M),2,0,3,0,Wither,787,Nephele
Cloak,The Heart of Fire,Act 3: Tartarus,Cape of the unseen (R),2,3,0,0,Coup de grace,723,Nephele
Cloak,The Heart of Fire,Act 3: Tartarus,Runeplate pauldrons (W),2,0,0,2,Last defence,834,Erkil
Cloak,The Heart of Fire,Act 3: Tartarus,Mesh of sinew (R),2,4,0,0,Dark pact,608,Evin Daala
Cloak,The Heart of Fire,Act 3: Tartarus,Blackrock shoulders (W),2,4,0,0,Retaliation,637,Krakatoa
Head,The Heart of Fire,Act 1: Fenstone Moors,Plumed helm,0,0,0,1,None,,Prologue
Head,The Heart of Fire,Act 1: Fenstone Moors,Dark-scale war helm,1,0,0,1,Deflect,230,Vendor/Carvel
Head,The Heart of Fire,Act 1: Fenstone Moors,White mane,0,1,1,0,Charm,292,Manticore
Head,The Heart of Fire,Act 1: Fenstone Moors,Chieftain's guard,0,1,0,0,Might of stone,34,Barrow
Head,The Heart of Fire,Act 1: Fenstone Moors,Assassin's veil,0,0,1,0,Vanish,198,Assassin ant
Head,The Heart of Fire,Act 1: Fenstone Moors,Sniper's goggles,0,0,0,1,Focus,258,Pirates
Head,The Heart of Fire,Act 1: Fenstone Moors,Marauder's bandanna,0,1,0,0,None,79,Crews' quarters
Head,The Heart of Fire,Act 1: Fenstone Moors,Crown of spite,0,0,0,1,Curse,381,Queen Ballona
Head,The Heart of Fire,Act 1: Fenstone Moors,Lock jaw,0,1,0,1,Slam,219,Saw
Head,The Heart of Fire,Act 1: Fenstone Moors,Hat of stars,0,1,1,0,Charm,279,Stitches puzzle
Head,The Heart of Fire,Act 1: Fenstone Moors,Hood of the night fiend,0,1,0,1,Fiend's finest,493,Custodian
Head,The Heart of Fire,Act 1: Fenstone Moors,Garland of sacrifice,1,2,0,0,Atonement,155,Wickerman
Head,The Heart of Fire,Act 2: Terral Jungle,Cobwebbed capotain (R),1,1,0,0,Missionary's calling,255,Umbra
Head,The Heart of Fire,Act 2: Terral Jungle,Umbra's cowl (M),1,0,1,0,Trickster,534,Umbra
Head,The Heart of Fire,Act 2: Terral Jungle,Braids of the outcast (M),1,0,1,0,Fearless,350,Lycanth
Head,The Heart of Fire,Act 2: Terral Jungle,Coif of waning,1,0,0,2,Dominate,455,Grub knight
Head,The Heart of Fire,Act 2: Terral Jungle,Totem mask,1,2,0,0,Might of stone,621,Totem
Head,The Heart of Fire,Act 2: Terral Jungle,Monkey brain,1,0,2,0,Disrupt,634,Yootha (side quest)
Head,The Heart of Fire,Act 2: Terral Jungle,Hammerhead (W),1,0,0,2,Charge,470,Guano chest
Head,The Heart of Fire,Act 2: Terral Jungle,Dark vine pith (M),1,0,0,2,Thorns,479,Buckmaster Bill
Head,The Heart of Fire,Act 2: (Continued),Maiden's mask,1,0,2,0,Sear,699,Sun maidens
Head,The Heart of Fire,Act 2: (Continued),Wings of gold,1,0,0,1,Time shift,524,Golden guards
Head,The Heart of Fire,Act 2: (Continued),King of the pond (M),1,0,2,0,Overload,575,Fisher King
Head,The Heart of Fire,Act 2: (Continued),Anansi's hood (M),1,0,3,0,Webbed,685,Anansi
Head,The Heart of Fire,Act 2: (Continued),Eyes of the serpent (W/R),1,0,0,2,Hypnotise,383/473,Kaala
Head,The Heart of Fire,Act 2: (Continued),Crown of Gandhara,1,2,0,0,Command,737,Hanuman
Head,The Heart of Fire,Act 2: (Continued),Black talon hood (R),2,3,0,0,Vanish,770,Issachar
Head,The Heart of Fire,Act 3: Tartarus,Troll tusks,2,0,0,2,Charge,724,Nergal
Head,The Heart of Fire,Act 3: Tartarus,Helm of reflection (M),2,0,0,2,Deflect,546,Bridge sentries
Head,The Heart of Fire,Act 3: Tartarus,Mourn helm (W),2,2,0,0,Impale,789,Nyx the dark wind
Head,The Heart of Fire,Act 3: Tartarus,Wastrel's guise (R),2,2,0,0,Blind,730,Kuderas
Head,The Heart of Fire,Act 3: Tartarus,Mordant shroud (M),2,0,3,0,Acid,781,Chilopoda
Head,The Heart of Fire,Act 3: Tartarus,Crimson cover (R),2,2,0,0,Bleed,598,Joss
Head,The Heart of Fire,Act 3: Tartarus,Blood-sworn crown (W),2,0,0,3,Iron will,615,Erkil (hexed)
Head,The Heart of Fire,Act 3: Tartarus,Volcanist's hood (M),2,0,3,0,Overload,803,Erkil (hexed)
Head,The Heart of Fire,Act 3: Tartarus,Prowler's cowl (R),2,4,0,0,Vanish,878,Erkil (hexed)
Head,The Heart of Fire,Act 3: Tartarus,Gore mask (R),2,3,0,0,Mangle,608,Evin Daala
Head,The Heart of Fire,Act 3: Tartarus,Puritan's peak,2,0,0,2,"Charm, Heal",871,Virgil
Head,The Heart of Fire,Act 3: Tartarus,Krakka's crown (M),2,0,5,0,Command,873,Krakatoa
Gloves,The Heart of Fire,Act 1: Fenstone Moors,Troll-skin gloves,0,0,0,1,None,50,Barrow
Gloves,The Heart of Fire,Act 1: Fenstone Moors,Gloves of the night fiend,0,1,0,0,Fiend's finest,48,Highwayman
Gloves,The Heart of Fire,Act 1: Fenstone Moors,Dark vein bracers,1,0,0,1,None,91,Margoyle
Gloves,The Heart of Fire,Act 1: Fenstone Moors,Dread forge gauntlets,0,1,1,0,Retaliation,23,Forger
Gloves,The Heart of Fire,Act 1: Fenstone Moors,Patchwork gloves,0,0,1,1,Charm,228,Toymaker's golems
Gloves,The Heart of Fire,Act 1: Fenstone Moors,Janitor's safety gloves,0,1,0,1,None,236,Poltergeist
Gloves,The Heart of Fire,Act 1: Fenstone Moors,Armbands of living flame,1,0,1,0,Sear,301,Dagona
Gloves,The Heart of Fire,Act 1: Fenstone Moors,Phantom gauntlets,1,1,0,0,Curse,124,Gairn
Gloves,The Heart of Fire,Act 2: Terral Jungle,Don's fists,1,3,0,0,Sideswipe,492,Scholar (side quest)
Gloves,The Heart of Fire,Act 2: Terral Jungle,Rusted armbands (W),0,1,0,1,Counter,232,Lycanth
Gloves,The Heart of Fire,Act 2: Terral Jungle,Bracers of frenzy (W),1,1,0,0,Compulsion,160,Zephyr
Gloves,The Heart of Fire,Act 2: Terral Jungle,Fingerless gloves (R),1,1,0,0,Crawlers,246,Gaia
Gloves,The Heart of Fire,Act 2: Terral Jungle,Shocking scales (M),1,0,1,0,Shock!,158,Boogaloo
Gloves,The Heart of Fire,Act 2: Terral Jungle,Armbands of attraction (M),1,0,1,0,Confound,544,Gaia
Gloves,The Heart of Fire,Act 2: Terral Jungle,Weeper's blooms (M),1,0,2,0,Call of nature,709,The weeper
Gloves,The Heart of Fire,Act 2: Terral Jungle,Bone bracelets,1,1,0,0,Trickster,765,Witch
Gloves,The Heart of Fire,Act 2: Terral Jungle,Rainbow-skin brassard (M),1,0,1,0,Regrowth,660/693,Drecko
Gloves,The Heart of Fire,Act 2: Terral Jungle,The untouchables,1,2,0,0,Shunt,501,Coronado
Gloves,The Heart of Fire,Act 2: Terral Jungle,Leather long arms,1,2,0,0,Sure grip,479,Buckmaster Bill
Gloves,The Heart of Fire,Act 2: (Continued),Burnished gauntlets,0,2,0,2,Knockdown,524,Golden guards
Gloves,The Heart of Fire,Act 2: (Continued),Prickle pair (R),1,2,0,0,Barbs,683,Sitadell
Gloves,The Heart of Fire,Act 2: (Continued),Waxen wilds (M),1,0,0,2,Surge,714,Gheira
Gloves,The Heart of Fire,Act 2: (Continued),Spider grips (W/R),1,2,0,0,Sure grip,840,Anansi
Gloves,The Heart of Fire,Act 2: (Continued),Drake's scales (W),1,4,0,0,Rake,745,Issachar
Gloves,The Heart of Fire,Act 3: Tartarus,Nergal's splinters (M),1,0,0,2,Rake,724,Nergal
Gloves,The Heart of Fire,Act 3: Tartarus,Warfists of fury (W),1,3,0,0,Knockdown,790,Furies
Gloves,The Heart of Fire,Act 3: Tartarus,Deft hands,1,2,0,0,"Stun, steal",642,Imp
Gloves,The Heart of Fire,Act 3: Tartarus,Fortune's seekers (W),1,4,0,0,Unstoppable,730,Kuderas
Gloves,The Heart of Fire,Act 3: Tartarus,Gloves of the firmament (M),1,0,4,0,Resolve,728,Evin Daala
Gloves,The Heart of Fire,Act 3: Tartarus,Gore-soaked fists (W),1,4,0,0,Slam,791,Evin Daala
Gloves,The Heart of Fire,Act 3: Tartarus,Grips of living stone (R),1,0,0,4,Might of stone,794,Erkil
Gloves,The Heart of Fire,Act 3: Tartarus,Blood-sworn gauntlets (W),1,4,0,0,Resolve,679,Nephele (hexed)
Gloves,The Heart of Fire,Act 3: Tartarus,Prowler's handguards (R),1,4,0,0,Sneak,838,Nephele (hexed)
Gloves,The Heart of Fire,Act 3: Tartarus,Volcanist's handwraps (M),1,0,4,0,Melt,708,Nephele (hexed)
Chest,The Heart of Fire,Act 1: Fenstone Moors,Rider's jerkin,1,0,0,0,None,,Prologue
Chest,The Heart of Fire,Act 1: Fenstone Moors,Joseph's coat,1,0,0,1,"Second skin, charm",,(side quest)
Chest,The Heart of Fire,Act 1: Fenstone Moors,Wolf-bone vest,1,0,0,1,None,106,Direwolf
Chest,The Heart of Fire,Act 1: Fenstone Moors,Highwayman's coat,1,0,1,0,Fear,48,Highwayman
Chest,The Heart of Fire,Act 1: Fenstone Moors,Green blaze,1,0,0,1,Haste,198,Assassin ant
Chest,The Heart of Fire,Act 1: Fenstone Moors,Rusted chainmail,1,0,0,1,None,205,Cannon crew
Chest,The Heart of Fire,Act 1: Fenstone Moors,Knot of knives,1,1,0,0,Flurry,286,Lazlo (special)
Chest,The Heart of Fire,Act 1: Fenstone Moors,Medic's uniform,1,0,1,0,Heal,279,Stitches puzzle
Chest,The Heart of Fire,Act 1: Fenstone Moors,Barbarian's chest wig,1,1,0,0,Fear,279,Stitches puzzle
Chest,The Heart of Fire,Act 1: Fenstone Moors,Sawdust 'n stitches,1,0,0,1,Heartless,105,Cuddles
Chest,The Heart of Fire,Act 1: Fenstone Moors,Charged breastplate,0,1,0,1,Lightning,44,Stone giants
Chest,The Heart of Fire,Act 1: Fenstone Moors,Shockwave,0,2,0,1,Lightning,188,Stone giants (special)
Chest,The Heart of Fire,Act 1: Fenstone Moors,Barkskin barding,1,0,0,1,Thorn armour,308,Orgorath
Chest,The Heart of Fire,Act 1: Fenstone Moors,Hound-master's tunic,1,1,0,0,Sideswipe,231,Black shuck
Chest,The Heart of Fire,Act 2: Terral Jungle,Stoneguard chest (W),1,2,0,0,Might of stone,528,Gaia
Chest,The Heart of Fire,Act 2: Terral Jungle,Gravedirt girdle (M),1,0,1,0,Parasite,544,Gaia
Chest,The Heart of Fire,Act 2: Terral Jungle,Preacher's coat (R),1,1,0,0,Missionary's calling,246,Gaia
Chest,The Heart of Fire,Act 2: Terral Jungle,Nocturnal leathers (W),1,2,0,0,Savagery,556,Umbra
Chest,The Heart of Fire,Act 2: Terral Jungle,Electrified vest (R),1,1,0,0,Shock!,325,Boogaloo
Chest,The Heart of Fire,Act 2: (Continued),Forest cuirass (W),0,2,0,2,Thorn armour,709,The weeper
Chest,The Heart of Fire,Act 2: (Continued),Gator aid,1,0,0,2,Second skin,742,Alligator
Chest,The Heart of Fire,Act 2: (Continued),Bright scale hauberk (W),0,2,0,2,Radiance,660/693,Drecko
Chest,The Heart of Fire,Act 2: (Continued),Desolation robes,2,0,2,0,Siphon,748,Succubus
Chest,The Heart of Fire,Act 2: (Continued),Buckmaster's jacket (W),0,3,0,1,Cunning,479,Buckmaster Bill
Chest,The Heart of Fire,Act 2: (Continued),Sniper's jacket,1,0,1,0,Focus,243,Sniper
Chest,The Heart of Fire,Act 2: (Continued),Tracker's chestguard,1,0,0,2,Critical strike,678,Tigris
Chest,The Heart of Fire,Act 2: (Continued),Safari cams (W),1,0,0,2,Vanish,421,Buckmaster Bill (side quest)
Chest,The Heart of Fire,Act 2: (Continued),Burnished breastplate,0,3,0,2,Blind,699,Golden guards
Chest,The Heart of Fire,Act 2: (Continued),Gilded chasuble (M),2,0,2,0,Channel,531,Sun vault
Chest,The Heart of Fire,Act 2: (Continued),Widow's weave (M),2,0,3,0,Weaver,685,Anansi
Chest,The Heart of Fire,Act 2: (Continued),Snakeskin coat (R),2,2,0,0,Deceive,473,Kaala
Chest,The Heart of Fire,Act 2: (Continued),Drakefire raiment (M),2,0,3,0,Fire aura,761,Issachar
Chest,The Heart of Fire,Act 2: (Continued),Drakefire chestguard (W),0,4,0,3,Barbs,745,Issachar
Chest,The Heart of Fire,Act 3: Tartarus,Brace of fury (R),2,3,0,0,Critical strike,790,Furies
Chest,The Heart of Fire,Act 3: Tartarus,Magma hide (W),1,3,0,0,Backdraft,783,Magma hounds
Chest,The Heart of Fire,Act 3: Tartarus,Sanguine surcoat (M),2,0,4,0,Dark pact,598,Joss
Chest,The Heart of Fire,Act 3: Tartarus,Mucus membrane (W),2,0,0,2,Immobilise,781,Chilopoda
Chest,The Heart of Fire,Act 3: Tartarus,Glutton's robes (M),2,0,4,0,Leech,730,Kuderas
Chest,The Heart of Fire,Act 3: Tartarus,Titan-forged hauberk (M),2,0,0,3,Thorn armour,716,Erkil
Chest,The Heart of Fire,Act 3: Tartarus,Crystal plate (W),2,4,0,0,Overpower,818,Nephele
Chest,The Heart of Fire,Act 3: Tartarus,Blood-sworn chestguard (W),1,0,0,2,Unstoppable,800,Ixion (hexed)
Chest,The Heart of Fire,Act 3: (Continued),Prowler's tunic,2,4,0,0,Critical strike,732,Ixion (hexed)
Chest,The Heart of Fire,Act 3: (Continued),Volcanist's vestment,2,0,0,4,Reaper,808,Ixion (hexed)
Chest,The Heart of Fire,Act 3: (Continued),Rock spine coat (R),2,4,0,0,Gouge,830,Krakatoa
Chest,The Heart of Fire,Act 3: (Continued),Krakka's casing (W),2,0,0,4,Thorn armour,637,Krakatoa
Feet,The Heart of Fire,Act 1: Fenstone Moors,Pilgrim's progress,1,0,0,1,Surefooted,235,Vendor/Raven's Rest
Feet,The Heart of Fire,Act 1: Fenstone Moors,Ghost rider's spurs,1,0,0,0,Reckless,48,Highwayman
Feet,The Heart of Fire,Act 1: Fenstone Moors,Bile-coated boots,0,1,1,0,None,300,Number 13
Feet,The Heart of Fire,Act 1: Fenstone Moors,Tarsus boots,0,1,1,0,Surefooted,336,Konga
Feet,The Heart of Fire,Act 1: Fenstone Moors,Sailor's sandals,1,0,0,0,Surefooted,205,Cannon crew
Feet,The Heart of Fire,Act 1: Fenstone Moors,Iron stompers,1,0,0,1,Knockdown,219,Saw
Feet,The Heart of Fire,Act 1: Fenstone Moors,Grounded boots,1,0,1,0,Insulated,236,Poltergeist
Feet,The Heart of Fire,Act 1: Fenstone Moors,Firewalker's boots,1,1,0,0,Turn up the heat,431,Furnace
Feet,The Heart of Fire,Act 1: Fenstone Moors,Shaggy mukluks,1,0,0,1,Haste,231,Black shuck
Feet,The Heart of Fire,Act 2: Terral Jungle,Mud sliders (W),1,1,0,0,Unstoppable,528,Gaia
Feet,The Heart of Fire,Act 2: Terral Jungle,Storm riders (R),1,0,0,1,Pagan's spirit,297,Zephyr
Feet,The Heart of Fire,Act 2: (Continued),Conga kickers (R),0,1,0,1,Lightning,325,Boogaloo
Feet,The Heart of Fire,Act 2: (Continued),Lightning loafers (M),1,0,1,0,Lightning,458,Boogaloo
Feet,The Heart of Fire,Act 2: (Continued),Stone walkers,1,0,1,0,Might of stone,621,Totem
Feet,The Heart of Fire,Act 2: (Continued),Jungle runners,1,0,0,0,(+2 health) Haste,780,Zambezi
Feet,The Heart of Fire,Act 2: (Continued),Bug grinders (W),1,2,0,0,Compulsion,421,Buckmaster Bill (side quest)
Feet,The Heart of Fire,Act 2: (Continued),Rough pelt moccasins (M),1,0,0,2,Dominate,641,Terral devil
Feet,The Heart of Fire,Act 2: (Continued),Golden greaves (W),1,2,0,0,Charm,550,Sun vault
Feet,The Heart of Fire,Act 2: (Continued),Enchanted boots,1,0,0,1,Heal,575,Fisher king
Feet,The Heart of Fire,Act 2: (Continued),Slither steps,1,2,0,0,Charm,473,Kaala
Feet,The Heart of Fire,Act 2: (Continued),Death blades (R),2,3,0,0,Fatal blow,770,Issachar
Feet,The Heart of Fire,Act 3: Tartarus,Lava pads (M),2,0,2,0,Fire shield,783,Magma hounds
Feet,The Heart of Fire,Act 3: Tartarus,Slime skimmers,2,2,0,0,Webbed,781,Chilopoda
Feet,The Heart of Fire,Act 3: Tartarus,Scarlet sabatons (W),2,3,0,0,Haste,598,Joss
Feet,The Heart of Fire,Act 3: Tartarus,Singed footpads (R),2,3,0,0,Sidestep,812,Ixion
Feet,The Heart of Fire,Act 3: Tartarus,Ixion's shackles (M),2,0,3,0,Immobilise,592,Ixion
Feet,The Heart of Fire,Act 3: Tartarus,Frost spike boots (W),2,0,0,2,Barbs,818,Nephele
Feet,The Heart of Fire,Act 3: Tartarus,Cornerstone boots (M),2,0,0,2,Insulated,716,Erkil
Main hand,The Heart of Fire,Act 1: Fenstone Moors,Knight's folly,0,1,1,0,None,,Prologue
Main hand,The Heart of Fire,Act 1: Fenstone Moors,Duty,1,1,0,0,"Charm, Faith & duty",221,Farmers (side quest)
Main hand,The Heart of Fire,Act 1: Fenstone Moors,Headsplitter,1,2,0,0,Savagery,22,Vendor/Carvel
Main hand,The Heart of Fire,Act 1: Fenstone Moors,Midnight's edge,1,2,0,0,Dominate,230,Vendor/Carvel
Main hand,The Heart of Fire,Act 1: Fenstone Moors,Walking stick,1,0,1,0,Charm,235,Vendor/Raven's Rest
Main hand,The Heart of Fire,Act 1: Fenstone Moors,Cut throat's carver,0,1,1,0,Bleed,26,Anna
Main hand,The Heart of Fire,Act 1: Fenstone Moors,Great divider,1,1,0,0,Bleed,50,Barrow
Main hand,The Heart of Fire,Act 1: Fenstone Moors,Splintered claw,0,1,0,1,None,133,Sinister sprigs
Main hand,The Heart of Fire,Act 1: Fenstone Moors,Ivory spire,0,0,1,0,Focus,359,Bishop
Main hand,The Heart of Fire,Act 1: Fenstone Moors,Rusted knife,1,0,0,0,Bleed,20,Zombie goblin
Main hand,The Heart of Fire,Act 1: Fenstone Moors,Stalker's stiletto,1,0,1,0,Silverfrost,372,Falks
Main hand,The Heart of Fire,Act 1: Fenstone Moors,Flint knife,1,0,0,0,Gouge,336,Konga
Main hand,The Heart of Fire,Act 1: Fenstone Moors,Mighty claw,1,1,0,0,Sideswipe,198,Assassin ant
Main hand,The Heart of Fire,Act 1: Fenstone Moors,Winter's fall,1,1,0,0,Silverfrost,30,Jeeves
Main hand,The Heart of Fire,Act 1: Fenstone Moors,Red mist,0,2,2,0,Bleed,174,Lazlo (special)
Main hand,The Heart of Fire,Act 1: Fenstone Moors,Buzz saw,1,0,0,0,Cleave,219,Saw
Main hand,The Heart of Fire,Act 1: Fenstone Moors,Forger's hammer,0,2,0,0,Pound,23,Forger
Main hand,The Heart of Fire,Act 1: Fenstone Moors,Furnace fire,1,0,1,0,Sear,431,Furnace
Main hand,The Heart of Fire,Act 1: Fenstone Moors,Gratuitous maximus,1,1,0,0,Bleed,498,Maximus
Main hand,The Heart of Fire,Act 1: Fenstone Moors,Stone spike (R),0,2,0,0,Critical strike,44,Stone giants
Main hand,The Heart of Fire,Act 1: Fenstone Moors,Black peak (R),0,2,0,0,Deep wound,188,Stone giants (special)
Main hand,The Heart of Fire,Act 1: Fenstone Moors,Twilight scepter (M),1,0,2,0,Wither,493,Custodian
Main hand,The Heart of Fire,Act 1: Fenstone Moors,Inscribed fist (W),1,2,0,0,Knockdown,502,White abbot
Main hand,The Heart of Fire,Act 1: (Continued),Frost reaver's tongue,1,2,0,0,Frost bite,124,Gairn
Main hand,The Heart of Fire,Act 1: (Continued),Bramble blade,1,2,0,0,Bleed,308,Orgorath
Main hand,The Heart of Fire,Act 1: (Continued),Solstice,1,0,3,0,Channel,155,Wicker man
Main hand,The Heart of Fire,Act 2: Terral Jungle,Wangimbo (W),2,2,0,0,Impale,612,Vendor/Emerald Isle
Main hand,The Heart of Fire,Act 2: Terral Jungle,Abracabamba (M),2,0,2,0,Blink,612,Vendor/Emerald Isle
Main hand,The Heart of Fire,Act 2: Terral Jungle,Thunder (W),1,2,0,0,Savage arms,528,Gaia
Main hand,The Heart of Fire,Act 2: Terral Jungle,Broken blade (M),1,0,2,0,Bleed,544,Gaia
Main hand,The Heart of Fire,Act 2: Terral Jungle,Tremor stick (W),1,2,0,0,Shock!,569,Boogaloo
Main hand,The Heart of Fire,Act 2: Terral Jungle,Wind baton (M),1,0,2,0,Windblast,346,Zephyr
Main hand,The Heart of Fire,Act 2: Terral Jungle,Glaive of souls,2,2,2,0,Vampirism,602,Mortzilla
Main hand,The Heart of Fire,Act 2: Terral Jungle,Grub's glory,1,2,0,0,Crawlers,455,Grub knight
Main hand,The Heart of Fire,Act 2: Terral Jungle,Lone wolf,1,2,0,0,Bleed,757,Travellers' shelter
Main hand,The Heart of Fire,Act 2: Terral Jungle,Shrunken hand,2,1,0,0,Sideswipe,634,Yootha (side quest)
Main hand,The Heart of Fire,Act 2: Terral Jungle,Voodoo doll,2,0,2,0,Curse,765,Witch
Main hand,The Heart of Fire,Act 2: Terral Jungle,Fang of the fearless,2,1,0,0,Deep wound,660/693,Drecko
Main hand,The Heart of Fire,Act 2: Terral Jungle,Nelson's column (W),1,3,0,0,Knockdown,421,Buckmaster Bill (side quest)
Main hand,The Heart of Fire,Act 2: Terral Jungle,Nelson's column (W),1,3,0,0,Knockdown,427,Nelson
Main hand,The Heart of Fire,Act 2: Terral Jungle,Bone wild,1,2,0,0,Deep wound,780,Zambezi
Main hand,The Heart of Fire,Act 2: Terral Jungle,Bloodied claws,2,2,0,0,Rake,678,Tigris
Main hand,The Heart of Fire,Act 2: Terral Jungle,Jade teeth (W),2,2,0,0,Rake,720,Perez
Main hand,The Heart of Fire,Act 2: Terral Jungle,Crystal dagger (R),2,3,0,0,Gut ripper,499,Buckmaster Bill (side quest)
Main hand,The Heart of Fire,Act 2: Terral Jungle,Ebon cutlass (R),2,3,0,0,Deep wound,499,Buckmaster Bill (side quest)
Main hand,The Heart of Fire,Act 2: (Continued),Sun blaze,2,3,0,0,Sear,699,Sun maidens
Main hand,The Heart of Fire,Act 2: (Continued),Ancestral spear (W),2,3,0,0,Spirt hunter,461,Font of souls
Main hand,The Heart of Fire,Act 2: (Continued),Ancestral blade (R),2,3,0,0,"Piercing, bleed",526,Font of souls
Main hand,The Heart of Fire,Act 2: (Continued),Ancestral stave (M),2,0,3,0,"Overload, focus",514,Font of souls
Main hand,The Heart of Fire,Act 2: (Continued),Ceremonial dagger,2,2,2,0,Bleed,508,Ziggurat
Main hand,The Heart of Fire,Act 2: (Continued),Burnished knuckles (W),2,2,0,0,Fatal blow,524,Golden guards
Main hand,The Heart of Fire,Act 2: (Continued),Mortal coil (R),2,2,0,0,Reaper,666,Lich
Main hand,The Heart of Fire,Act 2: (Continued),Hunting fork (W),1,3,0,0,Skewer,575,Fisher king
Main hand,The Heart of Fire,Act 2: (Continued),Untamed will (R),2,3,0,0,Piercing,729,Gheira
Main hand,The Heart of Fire,Act 2: (Continued),Death rattle (M),2,0,3,0,Near death,383,Kaala
Main hand,The Heart of Fire,Act 2: (Continued),Comb of sailors' fingers,2,2,0,0,Disease,657,Siren sisters (side quest)
Main hand,The Heart of Fire,Act 2: (Continued),Wishing staff (M),2,0,3,0,Wish master,737,Hanuman
Main hand,The Heart of Fire,Act 3: Tartarus,Doom's harbinger,2,5,0,0,Doom,682,Vendor/Haunted shop
Main hand,The Heart of Fire,Act 3: Tartarus,"Oculus, eye of pain",2,0,5,0,"Lightning, focus",649,Rune forge
Main hand,The Heart of Fire,Act 3: Tartarus,"Ravenos, bringer of ruin",2,5,0,0,"Deep wound, sear",796,Rune forge
Main hand,The Heart of Fire,Act 3: Tartarus,Fist of fury,2,3,0,0,Knockdown,455,Furies
Main hand,The Heart of Fire,Act 3: Tartarus,Acheron's war glaive (W/R),2,4,0,0,Cleave,777,Treasure vault
Main hand,The Heart of Fire,Act 3: Tartarus,Acheron's tower (M),2,0,4,0,Might of stone,176,Treasure vault
Main hand,The Heart of Fire,Act 3: Tartarus,Crystal hammer (W),2,5,0,0,Stagger,893,Tourmalus
Main hand,The Heart of Fire,Act 3: Tartarus,Serrated scapula (W),2,5,0,0,Fallen hero,791,Evin Daala
Main hand,The Heart of Fire,Act 3: (Continued),Spoke of the wheel (R),2,4,0,0,Deep wound,812,Ixion
Main hand,The Heart of Fire,Act 3: (Continued),Abandoned hope (R),3,4,0,0,Gut ripper,723,Nephele
Main hand,The Heart of Fire,Act 3: (Continued),Azure embers (M),2,0,4,0,Disrupt,787,Nephele
Main hand,The Heart of Fire,Act 3: (Continued),Hellslide halberd (W),2,6,0,0,Impale,637,Krakatoa
Main hand,The Heart of Fire,Act 3: (Continued),Avalanche (M),2,0,6,0,Shatter,873,Krakatoa
Left hand,The Heart of Fire,Act 1: Fenstone Moors,Silver leaf,1,0,1,0,Focus,22,Vendor/Carvel
Left hand,The Heart of Fire,Act 1: Fenstone Moors,Black heart,1,0,0,2,Deflect,230,Vendor/Carvel
Left hand,The Heart of Fire,Act 1: Fenstone Moors,Faith,1,2,0,0,"Immobilise, Faith & duty",276,Fallen knight (side quest)
Left hand,The Heart of Fire,Act 1: Fenstone Moors,Colt phoenix,1,1,0,0,Volley,305,Raven's Rest (side quest)
Left hand,The Heart of Fire,Act 1: Fenstone Moors,Greenstone axe,0,1,0,0,None,74,Drust the defiled
Left hand,The Heart of Fire,Act 1: Fenstone Moors,Dire claw,0,1,1,0,None,106,Direwolf
Left hand,The Heart of Fire,Act 1: Fenstone Moors,Manticore's tooth,0,1,0,0,Savagery,292,Manticore
Left hand,The Heart of Fire,Act 1: Fenstone Moors,Doorman,0,0,0,1,Slam,234,Gutless
Left hand,The Heart of Fire,Act 1: Fenstone Moors,Cruel cleaver,0,2,0,0,None,234,Gutless
Left hand,The Heart of Fire,Act 1: Fenstone Moors,Repentance,1,0,0,0,Channel,218,Reverend
Left hand,The Heart of Fire,Act 1: Fenstone Moors,Falk's firestarter,1,1,0,0,Head shot,372,Falks
Left hand,The Heart of Fire,Act 1: Fenstone Moors,Sword of the dales,0,1,1,0,Heal,109,Loggers' camp
Left hand,The Heart of Fire,Act 1: Fenstone Moors,Bugsplatter,1,1,0,0,None,164,Goblins
Left hand,The Heart of Fire,Act 1: Fenstone Moors,Flint knife,1,0,0,0,Gouge,336,Konga
Left hand,The Heart of Fire,Act 1: (Continued),Cutlass of the seven seas,1,0,0,0,Parry,264,Captain's cabin
Left hand,The Heart of Fire,Act 1: (Continued),Celeste's anchor,0,1,0,0,Pound,189,Ship's hold
Left hand,The Heart of Fire,Act 1: (Continued),Windbreaker,1,0,0,1,None,91,Margoyle
Left hand,The Heart of Fire,Act 1: (Continued),Jeeve's juicer,1,1,0,0,Gouge,286,Lazlo (special)
Left hand,The Heart of Fire,Act 1: (Continued),Quill of Aquila,1,1,0,0,Bleed,303,Inkheart
Left hand,The Heart of Fire,Act 1: (Continued),Ink-blotted tome,1,0,1,0,Dominate,303,Inkheart
Left hand,The Heart of Fire,Act 1: (Continued),Defendus maximus,1,0,0,1,Deflect,498,Maximus
Left hand,The Heart of Fire,Act 1: (Continued),Rock fist,1,0,1,0,Surge,44,Stone giants
Left hand,The Heart of Fire,Act 1: (Continued),Stone fury,1,0,2,0,Surge,188,Stone giants (special)
Left hand,The Heart of Fire,Act 1: (Continued),Inscribed fist (W),1,2,0,0,Pound,706,White abbot
Left hand,The Heart of Fire,Act 1: (Continued),Dawnlight,1,1,0,0,Blind,502,Custodian
Left hand,The Heart of Fire,Act 2: Terral Jungle,Fer-de-lance (R),1,2,0,0,Venom,467,Vendor/Emerald Isle
Left hand,The Heart of Fire,Act 2: Terral Jungle,Monarch viper (R),2,2,0,0,Venom,467,Vendor/Emerald Isle
Left hand,The Heart of Fire,Act 2: Terral Jungle,Lesser bushmaster (R),2,3,0,0,Constrictor,467,Vendor/Emerald Isle
Left hand,The Heart of Fire,Act 2: Terral Jungle,Bogglespiff's digest,2,0,2,0,Insight,492,Scholar (side quest)
Left hand,The Heart of Fire,Act 2: Terral Jungle,Squall (W),1,2,0,0,Savage arms,160,Zephyr
Left hand,The Heart of Fire,Act 2: Terral Jungle,Silver flight (R),1,2,0,0,Charm,297,Zephyr
Left hand,The Heart of Fire,Act 2: Terral Jungle,Lost scriptures (M),1,0,2,0,Cistene's chattels,346,Zephyr
Left hand,The Heart of Fire,Act 2: Terral Jungle,Feral falcate (R),1,2,0,0,Pagan's spirit,507,Lycanth
Left hand,The Heart of Fire,Act 2: Terral Jungle,Bone shaker (M),2,0,1,0,Fear,765,Witch
Left hand,The Heart of Fire,Act 2: Terral Jungle,Creek guard (W),2,0,0,1,Retaliation,742,Alligator
Left hand,The Heart of Fire,Act 2: Terral Jungle,Shrunken hand,2,1,0,0,Sideswipe,634,Yootha (side quest)
Left hand,The Heart of Fire,Act 2: (Continued),Cart wheel (W),2,0,0,1,Roll with it,697,Tigris cages (special)
Left hand,The Heart of Fire,Act 2: (Continued),Brazen bar,2,0,2,0,Knockdown,697,Tigris cages (special)
Left hand,The Heart of Fire,Act 2: (Continued),Rip spleen,2,1,0,0,Bleed,780,Zambezi
Left hand,The Heart of Fire,Act 2: (Continued),Scarlet hunter (R),2,2,0,0,Critical strike,447,Nelson
Left hand,The Heart of Fire,Act 2: (Continued),The nosepicker,2,0,2,0,Bleed,447,Nelson
Left hand,The Heart of Fire,Act 2: (Continued),Bark whip,2,2,0,0,Bleed,720,Perez
Left hand,The Heart of Fire,Act 2: (Continued),Stormbound,1,2,0,0,Volley,243,Sniper
Left hand,The Heart of Fire,Act 2: (Continued),Emerald taipan (R),2,3,0,0,Venom,499,Buckmaster Bill (side quest)
Left hand,The Heart of Fire,Act 2: (Continued),Medicine staff (M),2,0,3,0,Greater heal,369,Buckmaster Bill (side quest)
Left hand,The Heart of Fire,Act 2: (Continued),High priest's scepter,2,0,2,0,Resolve,531,Sun vault
Left hand,The Heart of Fire,Act 2: (Continued),Embalming razor,2,2,0,0,Blindstrike,511,Sun vault
Left hand,The Heart of Fire,Act 2: (Continued),Sol shield,2,0,0,2,Radiance,550,Sun vault
Left hand,The Heart of Fire,Act 2: (Continued),Rodent's scratchers,2,2,0,0,Piercing,641,Terral devil
Left hand,The Heart of Fire,Act 2: (Continued),Devil's incisor,2,2,0,0,Fatal blow,641,Terral devil
Left hand,The Heart of Fire,Act 2: (Continued),Black taipan,2,3,0,0,Convulsions,885,Lecture room
Left hand,The Heart of Fire,Act 2: (Continued),Widow's needle (R),2,3,0,0,Piercing,840,Anansi
Left hand,The Heart of Fire,Act 2: (Continued),Carapace crest (W),2,0,0,2,Webbed,840,Anansi
Left hand,The Heart of Fire,Act 2: (Continued),Spinneret of shadows (M),2,0,3,0,Webbed,685,Anansi
Left hand,The Heart of Fire,Act 2: (Continued),Drake's defender (W),2,0,0,4,Piercing,745,Issachar
Left hand,The Heart of Fire,Act 3: Tartarus,Self-published grimoire (M),2,0,3,0,Dark pact,600,Printing press
Left hand,The Heart of Fire,Act 3: Tartarus,Self-published grimoire (M),2,0,3,0,Surge,539,Printing press
Left hand,The Heart of Fire,Act 3: Tartarus,Self-published grimoire (M),2,0,3,0,Regrowth,816,Printing press
Left hand,The Heart of Fire,Act 3: (Continued),Self-published grimoire (M),2,0,3,0,Trickster,876,Printing press
Left hand,The Heart of Fire,Act 3: (Continued),Self-published tome (M),2,0,0,3,Dark pact,380,Printing press
Left hand,The Heart of Fire,Act 3: (Continued),Self-published tome (M),2,0,0,3,Trickster,806,Printing press
Left hand,The Heart of Fire,Act 3: (Continued),Self-published tome (M),2,0,0,3,Regrowth,826,Printing press
Left hand,The Heart of Fire,Act 3: (Continued),Self-published tome (M),2,0,0,3,Surge,845,Printing press
Left hand,The Heart of Fire,Act 3: (Continued),"Mortis, shard of doom (W/R)",2,5,0,0,"Bleed, lightning",536,Rune forge
Left hand,The Heart of Fire,Act 3: (Continued),"Scriva, nimbus of nightmares (M)",3,0,4,0,"Curse, sear",474,Rune forge
Left hand,The Heart of Fire,Act 3: (Continued),Light-forged bulwark (W),2,0,0,4,Defender,682,Vendor/Haunted shop
Left hand,The Heart of Fire,Act 3: (Continued),Hound hook (R),2,3,0,0,Gouge,783,Magma hounds
Left hand,The Heart of Fire,Act 3: (Continued),Bone rot (W),2,3,0,0,Leech,724,Nergal
Left hand,The Heart of Fire,Act 3: (Continued),Dark star,2,0,3,0,Barbs,789,Nyx the dark wind
Left hand,The Heart of Fire,Act 3: (Continued),Dull gladius,2,3,0,0,Slam,883,Sparkacus
Left hand,The Heart of Fire,Act 3: (Continued),Calcite claw,2,4,0,0,Piercing,893,Tourmalus
Left hand,The Heart of Fire,Act 3: (Continued),"Agilax, the string of tears (R)",2,3,0,0,Blood archer,846,Joss
Left hand,The Heart of Fire,Act 3: (Continued),Blood thorn (R),2,5,0,0,Gouge,608,Evin Daala
Left hand,The Heart of Fire,Act 3: (Continued),Ixion's wheel (W),2,0,0,4,Fire aura,823,Ixion
Left hand,The Heart of Fire,Act 3: (Continued),B is for Banshee (M),2,0,4,0,Windblast,787,Nephele
Left hand,The Heart of Fire,Act 3: (Continued),Shiverspine (R),2,3,0,0,frostbite,723,Nephele
Left hand,The Heart of Fire,Act 3: (Continued),Erkil's hacker (W),2,4,0,0,Compulsion,834,Erkil
Left hand,The Heart of Fire,Act 3: (Continued),Blackthorn twister (R),2,4,0,0,Cruel twist,794,Erkil
Left hand,The Heart of Fire,Act 3: (Continued),Krakka's vengeance (R),2,5,0,0,Piercing,830,Krakatoa
Left hand,The Heart of Fire,Act 3: (Continued),Stones of dissolution (M),3,0,5,0,Confound,873,Krakatoa
Talisman,The Heart of Fire,Act 1: Fenstone Moors,Wolf's paw,1,0,0,0,None,235,Vendor/Raven's Rest
Talisman,The Heart of Fire,Act 1: Fenstone Moors,Crow feather,0,0,1,0,None,7,Wiccan witch
Talisman,The Heart of Fire,Act 1: Fenstone Moors,Wishing well coin,0,0,0,0,Charm,20,Zombie goblin
Talisman,The Heart of Fire,Act 1: Fenstone Moors,Luke's left hand,0,0,0,0,High five!,79,Crews' quarters
Talisman,The Heart of Fire,Act 1: Fenstone Moors,Stone blood,0,0,0,1,Heal,91,Margoyle
Talisman,The Heart of Fire,Act 1: Fenstone Moors,Maker's button,1,0,0,0,None,105,Cuddles
Talisman,The Heart of Fire,Act 1: Fenstone Moors,Adam's core,0,1,0,0,Heal,498,Maximus
Talisman,The Heart of Fire,Act 1: Fenstone Moors,Elder seed (M),0,0,1,0,Druid,403,Damaris
Talisman,The Heart of Fire,Act 1: Fenstone Moors,Benediction (M),0,0,1,0,Acolyte,487,Benin
Talisman,The Heart of Fire,Act 1: Fenstone Moors,Earthen ashes,0,1,0,0,Cauterise,301,Dagona
Talisman,The Heart of Fire,Act 2: Terral Jungle,The mind's eye,0,0,1,0,Scholar,275,Andos (side quest)
Talisman,The Heart of Fire,Act 2: Terral Jungle,Lightning whetstone (W/R),1,0,0,0,Sure edge,325/569,Boogaloo
Talisman,The Heart of Fire,Act 2: Terral Jungle,Spook chi (R),1,0,0,0,Trickster,255,Umbra
Talisman,The Heart of Fire,Act 2: Terral Jungle,Screaming skull,1,0,0,0,(+4 health) Charm,629,Mortzilla
Talisman,The Heart of Fire,Act 2: Terral Jungle,Khana's pride,1,0,0,1,Sideswipe,636,Greyhair
Talisman,The Heart of Fire,Act 2: Terral Jungle,Tigris paw,1,0,0,0,Evade,678,Tigris
Talisman,The Heart of Fire,Act 2: Terral Jungle,Stone of the sitadell (W),1,0,0,0,Disrupt,683,Sitadell
Talisman,The Heart of Fire,Act 2: Terral Jungle,Lich stone (M),0,0,1,0,Runecaster,778,Lich
Talisman,The Heart of Fire,Act 2: Terral Jungle,Eye of a kraken (W/R),1,0,0,0,Greater heal,657,Siren sisters (side quest)
Talisman,The Heart of Fire,Act 2: Terral Jungle,Kaala's scale (R),1,0,0,0,Venommancer,745,Kaala
Talisman,The Heart of Fire,Act 2: Terral Jungle,Drake spirit (W),1,0,0,0,Drake,473,Kaala
Talisman,The Heart of Fire,Act 3: Tartarus,"Fade, splinter of shadow",1,0,0,0,"Charm, trickster",674,Rune forge
Talisman,The Heart of Fire,Act 3: Tartarus,Angel's despair,1,0,0,0,Dirge,546,Bridge sentries
Talisman,The Heart of Fire,Act 3: Tartarus,Rock idol (M),0,0,0,1,Geomancer,750,Secure vault
Talisman,The Heart of Fire,Act 3: Tartarus,Blood soul (W),1,1,0,0,Weaver,791,Evin Daala
Talisman,The Heart of Fire,Act 3: Tartarus,Frozen heart,1,0,0,0,Shatter,818,Nephele
Talisman,The Heart of Fire,Act 3: Tartarus,Titan stone (W),1,0,0,0,Titan,834,Erkil
Necklace,The Heart of Fire,Act 1: Fenstone Moors,Wanderer's wytchstone,0,0,1,0,Charm,59,Vendor/Carvel
Necklace,The Heart of Fire,Act 1: Fenstone Moors,Drust's medallion,0,0,1,0,None,74,Drust the defiled
Necklace,The Heart of Fire,Act 1: Fenstone Moors,Blood iron knot,0,0,0,1,Charm,34,Barrow
Necklace,The Heart of Fire,Act 1: Fenstone Moors,Prayer beads,0,0,0,0,Heal,359,Bishop
Necklace,The Heart of Fire,Act 1: Fenstone Moors,Number of the beast,0,1,1,0,None,300,Number 13
Necklace,The Heart of Fire,Act 1: Fenstone Moors,Silver whistler,0,0,0,0,Faithful friend,170,Loggers' camp
Necklace,The Heart of Fire,Act 1: Fenstone Moors,Eye of the swarm,0,1,1,0,Swarm,381,Queen Ballona
Necklace,The Heart of Fire,Act 1: Fenstone Moors,Betsy's second compass,0,0,0,0,Safe path,264,Captain's cabin
Necklace,The Heart of Fire,Act 1: Fenstone Moors,Torque of iron,0,1,1,0,Rust,228,Toymaker's golems
Necklace,The Heart of Fire,Act 1: Fenstone Moors,Dagona's heart,0,1,1,0,Radiance,313,Dagona (side quest)
Necklace,The Heart of Fire,Act 1: Fenstone Moors,Graven chill,0,1,1,0,Frostbite,124,Gairn
Necklace,The Heart of Fire,Act 1: Fenstone Moors,Providence,0,1,1,0,Faith,411,Orgorath (special)
Necklace,The Heart of Fire,Act 2: Terral Jungle,Sanctified scale (W),0,0,0,1,Seraphim's symbols,569,Boogaloo
Necklace,The Heart of Fire,Act 2: Terral Jungle,Silver bullet (M),0,0,1,0,Quicksilver,350,Lycanth
Necklace,The Heart of Fire,Act 2: Terral Jungle,Black pearl rosary (M),0,0,1,0,Cistene's chattels,534,Umbra
Necklace,The Heart of Fire,Act 2: Terral Jungle,Wish bone,0,1,0,0,(+4 health) Charm,629,Mortzilla
Necklace,The Heart of Fire,Act 2: Terral Jungle,Maggot finger (M),0,0,1,0,Wither,455,Grub knight
Necklace,The Heart of Fire,Act 2: Terral Jungle,Brock's medallion,0,1,0,0,Fearless,742,Alligator
Necklace,The Heart of Fire,Act 2: Terral Jungle,Dreamcatcher,1,0,0,0,Immobilise,748,Succubus
Necklace,The Heart of Fire,Act 2: Terral Jungle,Captive's collar,1,0,0,0,Bleed,697,Tigris cages (special)
Necklace,The Heart of Fire,Act 2: Terral Jungle,Lucky crown,1,0,0,0,Charm,243,Sniper
Necklace,The Heart of Fire,Act 2: Terral Jungle,Corroded pendant,1,0,0,0,Rust,524,Golden guards
Necklace,The Heart of Fire,Act 2: Terral Jungle,Obsidian shard (M),1,0,0,0,Piercing,683,Sitadell
Necklace,The Heart of Fire,Act 2: Terral Jungle,Hanuman's hair,1,0,0,0,Monkey mob,737,Hanuman
Necklace,The Heart of Fire,Act 2: Terral Jungle,Sea spray garland (M),1,0,1,0,Wave,575,Fisher king
Necklace,The Heart of Fire,Act 2: Terral Jungle,Hunter's heart (W),1,0,0,0,Savage call,729,Gheira
Necklace,The Heart of Fire,Act 3: Tartarus,Illumanti circlet (M),1,0,0,1,Confound,620,Goblin looters
Necklace,The Heart of Fire,Act 3: Tartarus,Gullet scales,1,0,0,1,Charm,554,Book wyrm
Necklace,The Heart of Fire,Act 3: Tartarus,Tendon rope (M),1,0,0,0,Greater heal,728,Evin Daala
Necklace,The Heart of Fire,Act 3: Tartarus,Soldering iron (W),1,1,0,0,Dominate,823,Ixion
Necklace,The Heart of Fire,Act 3: Tartarus,Chained heart (M),1,0,1,0,Channel,592,Ixion
Necklace,The Heart of Fire,Act 3: Tartarus,Garm's whistle,1,0,1,0,Packmaster,716,Erkil
Necklace,The Heart of Fire,Act 3: Tartarus,Collar of correction (R),1,1,0,0,Sweet spot,929,Krakatoa
Ring,The Heart of Fire,Act 1: Fenstone Moors,Puritan's band,0,1,0,0,Charm,59,Vendor/Carvel
Ring,The Heart of Fire,Act 1: Fenstone Moors,Epona's blessing,0,0,0,1,Charm,59,Vendor/Carvel
Ring,The Heart of Fire,Act 1: Fenstone Moors,All Hallows ring,0,1,0,0,None,201,Jack'o Lantern
Ring,The Heart of Fire,Act 1: Fenstone Moors,Warded wood,0,1,1,0,None,133,Sinister sprigs
Ring,The Heart of Fire,Act 1: Fenstone Moors,Pilfered ring,0,0,1,0,None,20,Zombie goblin
Ring,The Heart of Fire,Act 1: Fenstone Moors,Signet of sorrow,0,1,1,0,Suppress,218,Reverend
Ring,The Heart of Fire,Act 1: Fenstone Moors,Motley band,0,1,1,0,Sneak,79,Crews' quarters
Ring,The Heart of Fire,Act 1: Fenstone Moors,Pins 'n needles,0,0,0,0,Thorns,381,Queen Ballona
Ring,The Heart of Fire,Act 1: Fenstone Moors,After burn,0,0,0,1,Turn up the heat,431,Furnace
Ring,The Heart of Fire,Act 1: Fenstone Moors,The fellowship ring,0,1,1,0,Charm,145,Tree house
Ring,The Heart of Fire,Act 1: Fenstone Moors,Black hole,0,1,1,0,Dark pact,477,Toymaker's box
Ring,The Heart of Fire,Act 1: Fenstone Moors,Grieving soul,0,0,0,1,Fire aura,301,Dagona
Ring,The Heart of Fire,Act 1: Fenstone Moors,Briar star,0,0,0,1,Thorns,308,Orgorath
Ring,The Heart of Fire,Act 1: Fenstone Moors,Harvester,0,2,2,0,Regrowth,155,Wicker man
Ring,The Heart of Fire,Act 2: Terral Jungle,Scholar's seal,0,0,1,1,Confound,492,Scholar (side quest)
Ring,The Heart of Fire,Act 2: Terral Jungle,Lycanth's teeth (W/R),0,1,0,0,Bleed,232/507,Lycanth
Ring,The Heart of Fire,Act 2: Terral Jungle,Gravedigger's ring (R),0,1,0,0,Underhand,246,Gaia
Ring,The Heart of Fire,Act 2: Terral Jungle,Pious halo (W),0,2,0,0,Seraphim's symbols,556,Umbra
Ring,The Heart of Fire,Act 2: Terral Jungle,Shard of sky (R),0,1,0,0,Blind,297,Zephyr
Ring,The Heart of Fire,Act 2: Terral Jungle,Circle of storms (W),0,0,0,1,Lightning,160,Zephyr
Ring,The Heart of Fire,Act 2: (Continued),Weirdstone (M),0,0,1,0,Focus,350,Lycanth
Ring,The Heart of Fire,Act 2: (Continued),Rain dance (M),0,0,0,1,Call of nature,458,Boogaloo
Ring,The Heart of Fire,Act 2: (Continued),Seal of shadows (M),0,0,1,1,Veil,534,Umbra
Ring,The Heart of Fire,Act 2: (Continued),Zilla bling,0,0,1,0,(+4 health) Charm,629,Mortzilla
Ring,The Heart of Fire,Act 2: (Continued),Tangle knot,0,1,1,0,Barbs,709,The weeper
Ring,The Heart of Fire,Act 2: (Continued),Iron recluse,0,0,2,0,Corrode,757,Travellers' shelter
Ring,The Heart of Fire,Act 2: (Continued),Shaper's stone (M),0,0,1,1,Might of stone,470,Guano chest
Ring,The Heart of Fire,Act 2: (Continued),Ring of remedies (M),0,0,2,0,Cauterise,369,Buckmaster Bill (side quest)
Ring,The Heart of Fire,Act 2: (Continued),Fyre fiend,0,0,0,1,Fire shield,511/531/550,Sun vault
Ring,The Heart of Fire,Act 2: (Continued),Last breath (W),0,0,0,0,(+4 health) Refresh,666,Lich
Ring,The Heart of Fire,Act 2: (Continued),Fisher's friend (R),0,1,0,0,Hooked,575,Fisher king
Ring,The Heart of Fire,Act 2: (Continued),Kiss of a princess,0,1,0,0,Charm,575,Fisher king
Ring,The Heart of Fire,Act 2: (Continued),Bad tooth (M),0,0,2,0,Disease,714,Gheira
Ring,The Heart of Fire,Act 2: (Continued),Spark stone (R),0,2,0,0,Lightning,770,Issachar
Ring,The Heart of Fire,Act 2: (Continued),Twilight tinder (M),0,0,2,0,Overload,761,Issachar
Ring,The Heart of Fire,Act 3: Tartarus,Abyssal firestone,0,0,0,1,(+2 health) Fire aura,789,Nyx the dark wind
Ring,The Heart of Fire,Act 3: Tartarus,Wyrmhole (M),0,0,1,0,Vortex,554,Book wyrm
Ring,The Heart of Fire,Act 3: Tartarus,Aethereal,0,0,0,1,(+2 health) Windblast,851,Rune spirit (side quest)
Ring,The Heart of Fire,Act 3: Tartarus,Blood diamond (M),0,0,2,0,Bleed,728,Evin Daala
Ring,The Heart of Fire,Act 3: Tartarus,Heat of ardour (W),0,2,0,0,Sear,823,Ixion
Ring,The Heart of Fire,Act 3: Tartarus,Crucifixion nail (R),0,1,0,0,Sweet spot,812,Ixion
Ring,The Heart of Fire,Act 3: (Continued),Circle of sacrifice (M),0,0,1,0,Penance,592,Ixion
Ring,The Heart of Fire,Act 3: (Continued),The dispossessed (R),0,1,0,1,Steal,723,Nephele
Ring,The Heart of Fire,Act 3: (Continued),Ironbeard band (W),0,2,0,0,Counter,834,Erkil